order_id,user_id,product_id,quantity,unit_price,total_amount,order_date,status,payment_method
ORD-00001,U109,P019,2,17700.0,35400.0,2024-11-19T16:53:54Z,completed,e_wallet
ORD-00002,U109,P020,1,2300.0,2300.0,2025-01-30T22:27:12Z,completed,e_wallet
ORD-00003,U109,P098,5,5970.0,29850.0,2025-01-18T14:43:20Z,completed,e_wallet
ORD-00004,U109,P042,3,970.0,2910.0,2024-10-14T06:14:13Z,completed,bank_transfer
ORD-00005,U109,P036,5,890.0,4450.0,2025-01-07T12:21:40Z,completed,convenience_store
ORD-00006,U109,P058,1,1580.0,1580.0,2024-11-25T17:52:33Z,completed,credit_card
ORD-00007,U109,P079,5,8800.0,44000.0,2024-12-29T20:23:33Z,completed,credit_card
ORD-00008,U109,P058,5,1580.0,7900.0,2024-12-02T10:25:23Z,completed,e_wallet
ORD-00009,U109,P020,1,2300.0,2300.0,2024-12-06T16:32:09Z,refunded,credit_card
ORD-00010,U109,P065,2,37900.0,75800.0,2024-12-25T00:06:05Z,refunded,e_wallet
ORD-00011,U109,P067,5,19000.0,95000.0,2024-12-12T09:36:58Z,cancelled,convenience_store
ORD-00012,U109,P053,3,3240.0,9720.0,2024-10-11T04:02:27Z,completed,bank_transfer
ORD-00013,U109,P009,3,23000.0,69000.0,2024-12-15T01:31:11Z,completed,e_wallet
ORD-00014,U109,P020,3,2300.0,6900.0,2024-10-28T11:06:14Z,cancelled,bank_transfer
ORD-00015,U109,P084,4,3200.0,12800.0,2024-10-17T10:49:09Z,completed,convenience_store
ORD-00016,U109,P083,3,4200.0,12600.0,2025-01-11T05:10:14Z,completed,convenience_store
ORD-00017,U109,P066,3,40543.76,121631.28,2024-11-11T14:12:36Z,completed,convenience_store
ORD-00018,U109,P025,2,20400.0,40800.0,2024-10-31T02:05:48Z,completed,credit_card
ORD-00019,U131,P099,5,1830.0,9150.0,2025-01-11T05:48:54Z,completed,bank_transfer
ORD-00020,U131,P099,5,1830.0,9150.0,2024-12-13T03:38:30Z,completed,debit_card
ORD-00021,U131,P089,5,1910.0,9550.0,2024-11-02T03:28:06Z,completed,credit_card
ORD-00022,U131,P053,3,3240.0,9720.0,2024-11-16T02:58:15Z,refunded,e_wallet
ORD-00023,U131,P037,4,3780.0,15120.0,2024-11-16T10:36:21Z,completed,convenience_store
ORD-00024,U131,P025,3,20400.0,61200.0,2025-01-19T18:20:49Z,refunded,convenience_store
ORD-00025,U131,P099,3,1830.0,5490.0,2025-01-06T15:42:54Z,completed,debit_card
ORD-00026,U131,P026,5,3100.0,15500.0,2024-11-18T13:05:57Z,completed,convenience_store
ORD-00027,U131,P048,5,2030.0,10150.0,2025-01-09T04:18:43Z,cancelled,bank_transfer
ORD-00028,U131,P011,2,27900.0,55800.0,2025-01-08T16:23:49Z,completed,convenience_store
ORD-00029,U131,P012,2,76600.0,153200.0,2024-12-07T21:11:04Z,cancelled,convenience_store
ORD-00030,U131,P007,4,16700.0,66800.0,2024-11-15T18:48:19Z,completed,credit_card
ORD-00031,U131,P048,2,2513.63,5027.26,2024-12-05T02:33:58Z,completed,debit_card
ORD-00032,U131,P005,3,3400.0,10200.0,2024-12-31T17:47:58Z,completed,debit_card
ORD-00033,U131,P098,4,5970.0,23880.0,2024-10-02T00:28:20Z,cancelled,credit_card
ORD-00034,U131,P033,2,4580.0,9160.0,2025-01-15T13:36:47Z,cancelled,e_wallet
ORD-00035,U049,P055,1,4630.0,4630.0,2024-11-16T03:29:01Z,completed,credit_card
ORD-00036,U049,P031,4,1300.0,5200.0,2025-01-29T22:30:27Z,completed,credit_card
ORD-00037,U049,P064,5,48200.0,241000.0,2025-01-31T17:07:24Z,completed,debit_card
ORD-00038,U049,P092,2,2870.0,5740.0,2024-10-01T07:17:25Z,completed,debit_card
ORD-00039,U049,P074,4,5100.0,20400.0,2024-10-17T14:59:23Z,completed,bank_transfer
ORD-00040,U049,P009,5,23000.0,115000.0,2025-01-07T13:41:33Z,completed,convenience_store
ORD-00041,U049,P061,1,38400.0,38400.0,2024-12-12T11:42:54Z,completed,credit_card
ORD-00042,U049,P046,1,3560.0,3560.0,2025-01-30T23:53:22Z,completed,e_wallet
ORD-00043,U049,P095,3,2140.0,6420.0,2024-12-08T09:49:57Z,completed,debit_card
ORD-00044,U049,P100,4,8560.0,34240.0,2025-01-01T22:07:00Z,completed,debit_card
ORD-00045,U049,P009,4,23000.0,92000.0,2024-11-09T03:28:55Z,completed,debit_card
ORD-00046,U049,P006,3,40900.0,122700.0,2025-01-09T01:51:41Z,completed,e_wallet
ORD-00047,U049,P061,3,38400.0,115200.0,2024-11-07T02:36:23Z,completed,credit_card
ORD-00048,U049,P084,3,3200.0,9600.0,2024-12-11T11:05:37Z,completed,convenience_store
ORD-00049,U049,P096,4,5920.0,23680.0,2024-12-15T01:53:42Z,completed,debit_card
ORD-00050,U049,P064,4,48200.0,192800.0,2025-01-09T20:00:03Z,completed,credit_card
ORD-00051,U093,P055,1,4630.0,4630.0,2024-11-05T00:59:17Z,completed,bank_transfer
ORD-00052,U093,P014,1,68000.0,68000.0,2024-11-27T09:46:55Z,completed,e_wallet
ORD-00053,U093,P092,4,2870.0,11480.0,2024-12-26T04:45:46Z,completed,credit_card
ORD-00054,U093,P094,3,6720.0,20160.0,2024-12-24T10:58:10Z,completed,credit_card
ORD-00055,U093,P010,4,60900.0,243600.0,2024-11-01T01:35:31Z,refunded,debit_card
ORD-00056,U093,P078,4,2400.0,9600.0,2024-10-14T01:19:48Z,completed,bank_transfer
ORD-00057,U093,P047,4,3880.0,15520.0,2024-10-07T06:55:35Z,completed,convenience_store
ORD-00058,U093,P048,3,2030.0,6090.0,2024-10-15T22:18:43Z,completed,e_wallet
ORD-00059,U093,P047,4,3880.0,15520.0,2024-11-24T02:47:18Z,completed,credit_card
ORD-00060,U093,P004,2,7900.0,15800.0,2024-12-15T03:29:30Z,cancelled,credit_card
ORD-00061,U093,P034,3,1220.0,3660.0,2024-11-11T15:58:14Z,refunded,bank_transfer
ORD-00062,U093,P089,4,1910.0,7640.0,2024-10-27T08:32:24Z,cancelled,convenience_store
ORD-00063,U093,P023,4,14100.0,56400.0,2024-12-02T01:23:13Z,completed,credit_card
ORD-00064,U093,P071,5,900.0,4500.0,2024-11-28T05:53:57Z,cancelled,debit_card
ORD-00065,U093,P047,5,3880.0,19400.0,2024-11-09T00:38:11Z,completed,debit_card
ORD-00066,U093,P064,1,48200.0,48200.0,2025-01-20T03:00:21Z,completed,e_wallet
ORD-00067,U093,P017,5,3300.0,16500.0,2024-10-13T18:24:30Z,completed,convenience_store
ORD-00068,U093,P068,4,22800.0,91200.0,2025-01-20T15:13:50Z,completed,bank_transfer
ORD-00069,U093,P083,1,4200.0,4200.0,2025-01-09T11:04:20Z,completed,e_wallet
ORD-00070,U194,P076,2,11700.0,23400.0,2024-10-26T01:20:13Z,completed,credit_card
ORD-00071,U194,P016,5,16600.0,83000.0,2024-11-01T23:21:27Z,completed,debit_card
ORD-00072,U194,P045,5,1630.0,8150.0,2024-10-16T07:30:49Z,completed,e_wallet
ORD-00073,U194,P036,2,890.0,1780.0,2025-01-28T07:26:35Z,completed,e_wallet
ORD-00074,U194,P083,2,4200.0,8400.0,2025-01-21T18:00:31Z,completed,e_wallet
ORD-00075,U194,P093,5,3070.0,15350.0,2025-01-18T10:39:01Z,completed,credit_card
ORD-00076,U194,P011,1,27900.0,27900.0,2025-01-20T23:56:55Z,completed,debit_card
ORD-00077,U194,P099,5,1830.0,9150.0,2024-10-06T21:08:33Z,completed,e_wallet
ORD-00078,U194,P038,3,3790.0,11370.0,2024-12-18T20:31:42Z,completed,credit_card
ORD-00079,U194,P089,1,1910.0,1910.0,2024-12-20T16:56:15Z,completed,debit_card
ORD-00080,U194,P044,5,3060.0,15300.0,2024-12-02T00:07:20Z,completed,bank_transfer
ORD-00081,U194,P052,2,1840.0,3680.0,2025-01-08T23:58:52Z,completed,bank_transfer
ORD-00082,U194,P031,4,1300.0,5200.0,2024-12-27T07:16:09Z,completed,credit_card
ORD-00083,U194,P007,3,16700.0,50100.0,2025-01-28T11:52:00Z,completed,debit_card
ORD-00084,U194,P042,5,970.0,4850.0,2024-11-06T20:41:27Z,completed,convenience_store
ORD-00085,U194,P066,4,35800.0,143200.0,2024-11-29T21:54:10Z,completed,credit_card
ORD-00086,U194,P051,5,2780.0,13900.0,2024-11-16T17:52:36Z,completed,bank_transfer
ORD-00087,U194,P007,1,16700.0,16700.0,2025-01-25T00:38:21Z,cancelled,convenience_store
ORD-00088,U172,P069,1,3700.0,3700.0,2024-12-23T16:16:08Z,completed,bank_transfer
ORD-00089,U172,P094,3,6720.0,20160.0,2024-12-11T01:23:30Z,completed,credit_card
ORD-00090,U172,P073,5,17300.0,86500.0,2025-01-16T10:12:20Z,completed,convenience_store
ORD-00091,U172,P065,4,37900.0,151600.0,2024-11-24T07:35:34Z,completed,e_wallet
ORD-00092,U172,P088,5,8410.0,42050.0,2024-10-19T18:34:06Z,completed,bank_transfer
ORD-00093,U172,P072,3,3400.0,10200.0,2024-11-08T15:40:37Z,completed,convenience_store
ORD-00094,U172,P065,1,37900.0,37900.0,2024-10-27T14:38:08Z,completed,convenience_store
ORD-00095,U172,P067,4,19000.0,76000.0,2025-01-09T02:25:51Z,completed,e_wallet
ORD-00096,U172,P041,2,4330.0,8660.0,2025-01-28T17:06:01Z,completed,bank_transfer
ORD-00097,U172,P076,3,11700.0,35100.0,2025-01-07T23:26:23Z,completed,e_wallet
ORD-00098,U172,P039,4,2120.0,8480.0,2024-12-11T12:40:18Z,completed,credit_card
ORD-00099,U172,P054,5,3930.0,19650.0,2025-01-31T04:33:59Z,completed,convenience_store
ORD-00100,U145,P084,5,3200.0,16000.0,2024-10-10T23:19:56Z,completed,debit_card
ORD-00101,U145,P068,5,22800.0,114000.0,2024-12-13T19:48:55Z,completed,debit_card
ORD-00102,U145,P005,5,3400.0,17000.0,2024-10-22T08:09:00Z,completed,convenience_store
ORD-00103,U145,P041,4,4330.0,17320.0,2024-11-09T14:12:14Z,completed,e_wallet
ORD-00104,U145,P061,1,38400.0,38400.0,2025-01-09T17:14:20Z,completed,bank_transfer
ORD-00105,U145,P085,4,9500.0,38000.0,2024-11-30T22:11:35Z,refunded,convenience_store
ORD-00106,U145,P069,3,3700.0,11100.0,2024-11-21T08:01:01Z,completed,debit_card
ORD-00107,U145,P032,3,2130.0,6390.0,2024-11-13T15:57:22Z,cancelled,bank_transfer
ORD-00108,U145,P099,3,1830.0,5490.0,2025-01-03T22:55:10Z,completed,bank_transfer
ORD-00109,U145,P072,3,3400.0,10200.0,2025-01-20T08:35:44Z,completed,convenience_store
ORD-00110,U145,P051,3,2780.0,8340.0,2024-10-29T10:37:41Z,completed,bank_transfer
ORD-00111,U145,P092,1,2870.0,2870.0,2024-12-25T21:37:19Z,completed,convenience_store
ORD-00112,U155,P026,5,3100.0,15500.0,2025-01-18T03:11:37Z,completed,debit_card
ORD-00113,U155,P014,5,68000.0,340000.0,2024-11-16T11:08:06Z,completed,e_wallet
ORD-00114,U155,P029,2,21000.0,42000.0,2024-12-20T06:07:26Z,completed,convenience_store
ORD-00115,U155,P013,2,9740.55,19481.1,2024-10-31T16:03:31Z,completed,convenience_store
ORD-00116,U155,P062,2,47400.0,94800.0,2024-11-25T18:39:32Z,completed,credit_card
ORD-00117,U155,P099,1,1830.0,1830.0,2024-11-15T02:13:28Z,completed,credit_card
ORD-00118,U155,P023,4,14100.0,56400.0,2024-11-04T03:14:05Z,cancelled,credit_card
ORD-00119,U155,P051,4,2780.0,11120.0,2024-11-26T05:00:49Z,cancelled,credit_card
ORD-00120,U155,P039,5,2120.0,10600.0,2024-12-05T01:24:33Z,completed,e_wallet
ORD-00121,U155,P068,4,22800.0,91200.0,2024-10-27T01:25:01Z,cancelled,convenience_store
ORD-00122,U155,P035,2,4450.0,8900.0,2024-12-04T05:05:58Z,completed,convenience_store
ORD-00123,U191,P033,2,5208.88,10417.76,2024-11-27T06:54:45Z,completed,debit_card
ORD-00124,U191,P023,5,14100.0,70500.0,2024-12-18T17:43:19Z,completed,e_wallet
ORD-00125,U191,P042,1,970.0,970.0,2024-10-19T12:31:36Z,completed,debit_card
ORD-00126,U191,P062,3,47400.0,142200.0,2024-10-02T07:49:50Z,completed,debit_card
ORD-00127,U191,P058,3,1580.0,4740.0,2024-11-28T15:10:10Z,completed,e_wallet
ORD-00128,U191,P002,3,20300.0,60900.0,2024-11-15T21:14:59Z,completed,credit_card
ORD-00129,U191,P060,3,40900.0,122700.0,2025-01-06T13:54:54Z,cancelled,bank_transfer
ORD-00130,U191,P089,1,1910.0,1910.0,2024-11-27T06:58:29Z,completed,debit_card
ORD-00131,U191,P029,2,21000.0,42000.0,2024-12-28T08:21:15Z,completed,e_wallet
ORD-00132,U191,P048,4,2030.0,8120.0,2024-12-31T10:13:04Z,completed,debit_card
ORD-00133,U191,P098,2,5970.0,11940.0,2025-01-24T16:41:47Z,cancelled,credit_card
ORD-00134,U191,P068,4,22800.0,91200.0,2024-12-10T06:02:22Z,completed,e_wallet
ORD-00135,U191,P015,1,64800.0,64800.0,2025-01-07T03:44:25Z,completed,e_wallet
ORD-00136,U191,P020,2,2300.0,4600.0,2025-01-10T00:58:02Z,completed,debit_card
ORD-00137,U191,P092,5,2870.0,14350.0,2025-01-08T02:31:17Z,completed,credit_card
ORD-00138,U191,P059,2,47400.0,94800.0,2024-12-28T16:50:06Z,completed,e_wallet
ORD-00139,U191,P060,3,40900.0,122700.0,2024-12-16T21:15:17Z,completed,credit_card
ORD-00140,U191,P096,2,5920.0,11840.0,2024-10-09T19:03:56Z,completed,credit_card
ORD-00141,U099,P008,1,34100.0,34100.0,2024-12-31T16:00:40Z,completed,convenience_store
ORD-00142,U099,P024,2,5700.0,11400.0,2024-12-21T15:01:43Z,completed,convenience_store
ORD-00143,U099,P058,4,1580.0,6320.0,2025-01-13T17:19:17Z,completed,bank_transfer
ORD-00144,U099,P016,2,16600.0,33200.0,2024-12-16T07:47:09Z,completed,debit_card
ORD-00145,U099,P001,1,51500.0,51500.0,2024-12-29T21:45:16Z,completed,e_wallet
ORD-00146,U099,P055,5,4630.0,23150.0,2024-11-14T14:18:43Z,completed,bank_transfer
ORD-00147,U099,P020,3,2300.0,6900.0,2024-10-22T21:53:38Z,completed,convenience_store
ORD-00148,U099,P079,1,8800.0,8800.0,2024-10-14T01:35:54Z,completed,credit_card
ORD-00149,U099,P058,5,1580.0,7900.0,2024-10-10T10:50:53Z,completed,credit_card
ORD-00150,U099,P052,4,1840.0,7360.0,2024-11-12T04:32:52Z,completed,credit_card
ORD-00151,U099,P018,5,18900.0,94500.0,2024-11-15T11:16:18Z,completed,e_wallet
ORD-00152,U099,P041,5,4330.0,21650.0,2024-12-02T06:24:27Z,completed,debit_card
ORD-00153,U099,P085,5,9500.0,47500.0,2024-11-28T08:26:09Z,completed,e_wallet
ORD-00154,U099,P076,2,11700.0,23400.0,2024-12-22T22:53:56Z,completed,credit_card
ORD-00155,U099,P045,4,1630.0,6520.0,2024-12-01T21:24:36Z,completed,convenience_store
ORD-00156,U099,P020,3,2300.0,6900.0,2025-01-13T10:55:38Z,completed,debit_card
ORD-00157,U032,P091,2,1900.0,3800.0,2024-10-12T04:32:49Z,completed,convenience_store
ORD-00158,U032,P072,5,3400.0,17000.0,2024-11-17T03:48:09Z,completed,bank_transfer
ORD-00159,U032,P083,1,4200.0,4200.0,2024-12-12T01:20:47Z,completed,debit_card
ORD-00160,U032,P007,3,16700.0,50100.0,2025-01-26T11:21:43Z,completed,credit_card
ORD-00161,U032,P025,5,20400.0,102000.0,2025-01-17T12:25:55Z,completed,debit_card
ORD-00162,U032,P043,3,3060.0,9180.0,2024-10-03T23:27:36Z,completed,debit_card
ORD-00163,U032,P095,1,2140.0,2140.0,2025-01-01T23:55:58Z,cancelled,e_wallet
ORD-00164,U032,P091,2,1900.0,3800.0,2024-11-16T11:21:47Z,completed,bank_transfer
ORD-00165,U032,P049,4,1210.0,4840.0,2024-12-09T18:16:15Z,completed,bank_transfer
ORD-00166,U032,P066,4,35800.0,143200.0,2024-12-31T03:59:02Z,completed,bank_transfer
ORD-00167,U032,P027,3,16500.0,49500.0,2024-10-09T21:02:57Z,completed,debit_card
ORD-00168,U032,P095,2,2512.49,5024.98,2025-01-22T09:47:09Z,completed,convenience_store
ORD-00169,U077,P020,2,2300.0,4600.0,2024-12-13T18:10:53Z,completed,debit_card
ORD-00170,U077,P064,5,48200.0,241000.0,2024-12-05T13:09:48Z,completed,convenience_store
ORD-00171,U077,P093,4,3070.0,12280.0,2024-12-08T09:15:35Z,completed,e_wallet
ORD-00172,U077,P063,2,26600.0,53200.0,2025-01-14T06:32:27Z,refunded,credit_card
ORD-00173,U077,P068,1,22800.0,22800.0,2024-10-15T10:24:17Z,cancelled,credit_card
ORD-00174,U077,P098,1,5970.0,5970.0,2025-01-31T11:16:57Z,completed,debit_card
ORD-00175,U077,P002,2,20300.0,40600.0,2024-12-12T11:14:28Z,completed,e_wallet
ORD-00176,U077,P062,4,55480.57,221922.28,2024-12-19T20:58:35Z,completed,e_wallet
ORD-00177,U077,P093,3,3070.0,9210.0,2024-11-25T16:03:55Z,completed,convenience_store
ORD-00178,U077,P023,1,14100.0,14100.0,2025-01-10T19:48:47Z,completed,debit_card
ORD-00179,U077,P080,5,13600.0,68000.0,2024-12-08T19:48:54Z,completed,convenience_store
ORD-00180,U077,P011,3,27900.0,83700.0,2024-12-29T03:05:04Z,completed,debit_card
ORD-00181,U122,P088,1,8410.0,8410.0,2024-10-07T03:39:37Z,completed,convenience_store
ORD-00182,U122,P049,5,1210.0,6050.0,2024-10-02T20:02:27Z,completed,credit_card
ORD-00183,U122,P064,4,48200.0,192800.0,2024-12-04T07:49:58Z,completed,credit_card
ORD-00184,U122,P068,1,22800.0,22800.0,2025-01-19T01:24:20Z,completed,credit_card
ORD-00185,U122,P010,3,60900.0,182700.0,2025-01-18T10:08:46Z,completed,debit_card
ORD-00186,U122,P041,1,4330.0,4330.0,2025-01-22T23:47:11Z,completed,convenience_store
ORD-00187,U122,P010,3,60900.0,182700.0,2024-11-16T16:40:53Z,completed,convenience_store
ORD-00188,U122,P087,5,1250.0,6250.0,2024-10-28T04:13:01Z,completed,credit_card
ORD-00189,U122,P065,3,37900.0,113700.0,2024-12-24T20:58:44Z,completed,credit_card
ORD-00190,U122,P044,5,3060.0,15300.0,2025-01-24T15:44:15Z,completed,bank_transfer
ORD-00191,U122,P004,3,7900.0,23700.0,2024-12-27T11:42:57Z,completed,bank_transfer
ORD-00192,U122,P071,4,900.0,3600.0,2025-01-22T18:22:33Z,completed,credit_card
ORD-00193,U174,P080,3,13600.0,40800.0,2024-10-15T06:33:57Z,completed,debit_card
ORD-00194,U174,P049,2,1210.0,2420.0,2024-12-01T11:49:39Z,completed,credit_card
ORD-00195,U174,P001,3,51500.0,154500.0,2024-11-22T09:12:09Z,completed,credit_card
ORD-00196,U174,P024,4,5700.0,22800.0,2025-01-16T17:16:32Z,completed,credit_card
ORD-00197,U174,P004,1,7900.0,7900.0,2024-10-19T01:42:39Z,completed,bank_transfer
ORD-00198,U174,P050,1,4870.0,4870.0,2024-12-15T07:16:36Z,completed,e_wallet
ORD-00199,U174,P032,5,2130.0,10650.0,2024-12-13T22:20:23Z,completed,bank_transfer
ORD-00200,U174,P039,3,2120.0,6360.0,2024-10-13T06:50:46Z,completed,bank_transfer
ORD-00201,U174,P054,3,3930.0,11790.0,2024-10-15T22:28:46Z,completed,debit_card
ORD-00202,U174,P093,4,3070.0,12280.0,2024-11-07T23:19:14Z,completed,debit_card
ORD-00203,U174,P039,1,2120.0,2120.0,2024-12-04T12:14:39Z,completed,convenience_store
ORD-00204,U174,P043,4,3060.0,12240.0,2025-01-24T10:04:18Z,completed,bank_transfer
ORD-00205,U174,P078,2,2400.0,4800.0,2024-11-04T11:50:58Z,refunded,bank_transfer
ORD-00206,U174,P038,4,3790.0,15160.0,2024-11-17T01:46:44Z,completed,bank_transfer
ORD-00207,U174,P051,3,2780.0,8340.0,2025-01-18T11:44:01Z,completed,e_wallet
ORD-00208,U174,P024,5,6860.67,34303.35,2024-11-10T17:01:56Z,completed,bank_transfer
ORD-00209,U174,P089,1,1910.0,1910.0,2024-12-19T10:44:16Z,completed,debit_card
ORD-00210,U174,P082,3,16100.0,48300.0,2024-10-30T22:21:34Z,completed,convenience_store
ORD-00211,U174,P010,4,60900.0,243600.0,2025-01-02T01:23:44Z,completed,e_wallet
ORD-00212,U174,P065,4,37900.0,151600.0,2024-12-09T19:31:43Z,completed,e_wallet
ORD-00213,U035,P082,1,16100.0,16100.0,2024-11-18T04:50:24Z,completed,bank_transfer
ORD-00214,U035,P022,5,26100.0,130500.0,2024-12-17T14:21:13Z,refunded,bank_transfer
ORD-00215,U035,P056,1,3034.76,3034.76,2025-01-08T03:55:25Z,completed,e_wallet
ORD-00216,U035,P075,5,4700.0,23500.0,2024-12-12T15:31:24Z,completed,e_wallet
ORD-00217,U035,P089,5,1910.0,9550.0,2024-10-05T18:28:12Z,completed,bank_transfer
ORD-00218,U035,P054,1,3930.0,3930.0,2024-10-28T12:15:15Z,completed,bank_transfer
ORD-00219,U035,P059,2,47400.0,94800.0,2024-12-07T15:11:49Z,completed,convenience_store
ORD-00220,U035,P093,4,3070.0,12280.0,2024-11-28T07:19:55Z,completed,credit_card
ORD-00221,U035,P003,3,54500.0,163500.0,2024-11-01T21:56:44Z,cancelled,debit_card
ORD-00222,U035,P067,2,19000.0,38000.0,2024-12-04T06:31:24Z,completed,convenience_store
ORD-00223,U035,P030,4,25400.0,101600.0,2024-11-06T04:37:33Z,completed,convenience_store
ORD-00224,U035,P051,1,2780.0,2780.0,2024-11-08T07:35:54Z,completed,convenience_store
ORD-00225,U035,P050,1,4870.0,4870.0,2024-11-09T23:01:30Z,completed,credit_card
ORD-00226,U035,P074,1,5100.0,5100.0,2025-01-13T06:05:02Z,completed,bank_transfer
ORD-00227,U035,P026,4,3100.0,12400.0,2025-01-04T01:09:38Z,completed,bank_transfer
ORD-00228,U035,P077,4,16200.0,64800.0,2025-01-22T23:38:24Z,completed,bank_transfer
ORD-00229,U035,P059,5,47400.0,237000.0,2024-11-27T18:11:36Z,cancelled,e_wallet
ORD-00230,U138,P087,1,1250.0,1250.0,2024-10-07T12:03:37Z,completed,bank_transfer
ORD-00231,U138,P031,4,1300.0,5200.0,2024-11-12T08:30:38Z,completed,debit_card
ORD-00232,U138,P048,3,2030.0,6090.0,2024-12-20T14:18:29Z,completed,convenience_store
ORD-00233,U138,P054,3,3930.0,11790.0,2024-12-26T19:23:42Z,completed,convenience_store
ORD-00234,U138,P055,3,4630.0,13890.0,2024-12-18T06:01:25Z,completed,e_wallet
ORD-00235,U183,P072,1,3400.0,3400.0,2024-10-09T02:24:44Z,completed,convenience_store
ORD-00236,U183,P018,3,18900.0,56700.0,2024-12-01T13:01:28Z,completed,convenience_store
ORD-00237,U183,P080,2,13600.0,27200.0,2025-01-24T00:48:46Z,completed,bank_transfer
ORD-00238,U183,P002,5,20300.0,101500.0,2024-11-14T06:08:56Z,completed,debit_card
ORD-00239,U183,P050,5,4870.0,24350.0,2024-12-10T17:21:07Z,completed,convenience_store
ORD-00240,U183,P054,5,3930.0,19650.0,2024-12-18T10:45:08Z,completed,debit_card
ORD-00241,U183,P011,2,27900.0,55800.0,2025-01-17T06:32:12Z,completed,debit_card
ORD-00242,U091,P005,1,3400.0,3400.0,2024-10-14T08:13:36Z,completed,debit_card
ORD-00243,U091,P069,1,3700.0,3700.0,2024-10-15T00:19:31Z,completed,debit_card
ORD-00244,U091,P073,5,17300.0,86500.0,2024-12-24T08:57:17Z,completed,e_wallet
ORD-00245,U091,P015,2,64800.0,129600.0,2024-11-27T00:13:35Z,completed,e_wallet
ORD-00246,U091,P047,2,3880.0,7760.0,2025-01-13T18:56:16Z,completed,convenience_store
ORD-00247,U091,P070,3,27900.0,83700.0,2024-12-12T06:40:56Z,completed,credit_card
ORD-00248,U091,P095,3,2140.0,6420.0,2024-11-29T21:42:43Z,completed,credit_card
ORD-00249,U091,P058,4,1580.0,6320.0,2024-12-04T20:14:35Z,completed,credit_card
ORD-00250,U091,P057,2,4450.0,8900.0,2025-01-15T07:21:09Z,completed,debit_card
ORD-00251,U175,P095,1,2140.0,2140.0,2024-10-29T12:58:51Z,completed,bank_transfer
ORD-00252,U175,P081,5,1700.0,8500.0,2024-11-17T02:45:54Z,completed,e_wallet
ORD-00253,U175,P018,3,18900.0,56700.0,2025-01-18T23:39:43Z,completed,debit_card
ORD-00254,U175,P008,4,34100.0,136400.0,2024-12-22T16:18:14Z,completed,bank_transfer
ORD-00255,U175,P077,3,16200.0,48600.0,2024-12-02T10:10:03Z,completed,bank_transfer
ORD-00256,U175,P038,4,3790.0,15160.0,2025-01-23T07:19:26Z,completed,e_wallet
ORD-00257,U175,P087,2,1250.0,2500.0,2024-11-14T03:56:42Z,completed,convenience_store
ORD-00258,U175,P008,4,34100.0,136400.0,2025-01-24T04:22:02Z,completed,debit_card
ORD-00259,U175,P090,3,2370.0,7110.0,2024-11-25T05:47:24Z,completed,debit_card
ORD-00260,U190,P032,1,2130.0,2130.0,2024-10-20T01:31:46Z,completed,convenience_store
ORD-00261,U190,P019,1,17700.0,17700.0,2024-10-29T00:44:58Z,completed,bank_transfer
ORD-00262,U190,P049,5,1210.0,6050.0,2024-11-08T07:57:56Z,completed,credit_card
ORD-00263,U190,P052,4,1840.0,7360.0,2025-01-07T10:46:36Z,completed,bank_transfer
ORD-00264,U190,P059,5,47400.0,237000.0,2024-12-02T18:38:21Z,completed,e_wallet
ORD-00265,U190,P001,2,51500.0,103000.0,2025-01-10T23:11:41Z,completed,convenience_store
ORD-00266,U190,P082,4,16100.0,64400.0,2025-01-22T12:53:28Z,completed,credit_card
ORD-00267,U190,P069,5,3700.0,18500.0,2024-11-22T03:34:49Z,completed,convenience_store
ORD-00268,U190,P028,5,14400.0,72000.0,2024-11-27T01:44:10Z,completed,bank_transfer
ORD-00269,U130,P044,1,3060.0,3060.0,2024-10-27T13:39:46Z,completed,e_wallet
ORD-00270,U130,P017,1,3300.0,3300.0,2024-10-28T11:36:12Z,completed,convenience_store
ORD-00271,U130,P088,2,8410.0,16820.0,2024-11-05T11:03:17Z,completed,credit_card
ORD-00272,U130,P081,5,1700.0,8500.0,2024-11-02T13:56:17Z,completed,credit_card
ORD-00273,U130,P021,5,29600.0,148000.0,2024-12-15T07:45:51Z,completed,credit_card
ORD-00274,U130,P055,3,4630.0,13890.0,2025-01-06T20:32:07Z,completed,debit_card
ORD-00275,U130,P084,4,3200.0,12800.0,2024-11-16T10:26:39Z,completed,bank_transfer
ORD-00276,U130,P012,4,76600.0,306400.0,2024-11-25T07:26:57Z,completed,credit_card
ORD-00277,U042,P086,1,9100.0,9100.0,2024-10-09T00:51:02Z,completed,credit_card
ORD-00278,U042,P051,1,2780.0,2780.0,2024-10-15T19:56:38Z,completed,debit_card
ORD-00279,U042,P084,2,3200.0,6400.0,2025-01-08T07:44:07Z,completed,credit_card
ORD-00280,U042,P001,3,51500.0,154500.0,2024-12-17T07:02:24Z,completed,credit_card
ORD-00281,U042,P017,3,3300.0,9900.0,2024-12-21T10:23:34Z,completed,convenience_store
ORD-00282,U042,P002,2,20300.0,40600.0,2025-01-07T12:51:31Z,completed,bank_transfer
ORD-00283,U042,P016,5,16600.0,83000.0,2025-01-07T09:12:34Z,completed,debit_card
ORD-00284,U042,P062,2,47400.0,94800.0,2024-11-23T05:29:05Z,completed,convenience_store
ORD-00285,U042,P012,2,76600.0,153200.0,2024-11-11T00:28:37Z,completed,bank_transfer
ORD-00286,U142,P039,1,2120.0,2120.0,2024-10-07T15:46:01Z,completed,convenience_store
ORD-00287,U142,P100,1,8560.0,8560.0,2024-10-07T11:07:35Z,completed,debit_card
ORD-00288,U142,P068,2,22800.0,45600.0,2024-12-30T06:08:48Z,completed,debit_card
ORD-00289,U142,P057,4,4450.0,17800.0,2025-01-10T03:23:19Z,completed,debit_card
ORD-00290,U142,P081,3,1700.0,5100.0,2025-01-29T07:30:31Z,completed,convenience_store
ORD-00291,U142,P079,5,8800.0,44000.0,2025-01-23T11:51:28Z,completed,debit_card
ORD-00292,U033,P013,1,8300.0,8300.0,2024-10-07T19:07:37Z,completed,credit_card
ORD-00293,U033,P094,5,6720.0,33600.0,2024-12-05T03:08:14Z,completed,convenience_store
ORD-00294,U033,P041,3,4330.0,12990.0,2024-11-25T01:23:02Z,completed,bank_transfer
ORD-00295,U033,P083,2,4200.0,8400.0,2024-11-25T02:16:15Z,completed,e_wallet
ORD-00296,U033,P077,4,16200.0,64800.0,2025-01-15T15:07:51Z,completed,credit_card
ORD-00297,U033,P085,4,9500.0,38000.0,2024-11-20T22:43:23Z,completed,e_wallet
ORD-00298,U033,P078,3,2400.0,7200.0,2025-01-12T14:36:07Z,completed,convenience_store
ORD-00299,U033,P038,2,3790.0,7580.0,2025-01-16T02:23:24Z,completed,debit_card
ORD-00300,U033,P064,5,48200.0,241000.0,2024-11-11T22:42:42Z,completed,debit_card
ORD-00301,U154,P082,1,16100.0,16100.0,2024-10-29T19:58:42Z,completed,credit_card
ORD-00302,U154,P068,1,22800.0,22800.0,2024-10-01T14:03:32Z,completed,bank_transfer
ORD-00303,U154,P017,5,3300.0,16500.0,2025-01-23T13:50:31Z,completed,e_wallet
ORD-00304,U154,P054,4,3930.0,15720.0,2024-12-24T01:06:08Z,completed,debit_card
ORD-00305,U154,P098,5,5970.0,29850.0,2025-01-14T19:05:07Z,completed,credit_card
ORD-00306,U154,P003,2,54500.0,109000.0,2024-11-02T08:08:27Z,completed,bank_transfer
ORD-00307,U154,P028,2,14400.0,28800.0,2025-01-29T13:45:56Z,completed,credit_card
ORD-00308,U154,P051,4,2780.0,11120.0,2025-01-01T00:40:33Z,completed,e_wallet
ORD-00309,U026,P055,1,4630.0,4630.0,2024-10-20T12:41:13Z,completed,credit_card
ORD-00310,U026,P082,1,16100.0,16100.0,2024-10-27T01:08:35Z,completed,e_wallet
ORD-00311,U026,P020,4,2300.0,9200.0,2024-11-09T02:47:43Z,completed,bank_transfer
ORD-00312,U026,P011,3,27900.0,83700.0,2025-01-18T10:54:59Z,completed,debit_card
ORD-00313,U026,P069,4,3700.0,14800.0,2024-12-08T22:28:13Z,completed,e_wallet
ORD-00314,U026,P082,2,16100.0,32200.0,2024-12-01T02:44:50Z,completed,convenience_store
ORD-00315,U026,P094,3,6720.0,20160.0,2024-11-06T14:55:50Z,completed,debit_card
ORD-00316,U026,P012,5,76600.0,383000.0,2024-11-12T06:16:05Z,completed,convenience_store
ORD-00317,U026,P079,2,8800.0,17600.0,2024-12-01T00:41:53Z,completed,debit_card
ORD-00318,U026,P016,2,16600.0,33200.0,2025-01-08T17:31:40Z,completed,debit_card
ORD-00319,U162,P021,1,29600.0,29600.0,2024-10-25T02:21:46Z,completed,bank_transfer
ORD-00320,U162,P067,4,19000.0,76000.0,2024-11-17T05:03:06Z,completed,bank_transfer
ORD-00321,U162,P017,4,3300.0,13200.0,2025-01-11T03:51:51Z,completed,credit_card
ORD-00322,U162,P099,2,1830.0,3660.0,2024-12-03T12:37:56Z,completed,convenience_store
ORD-00323,U162,P035,2,4450.0,8900.0,2024-11-26T12:43:01Z,completed,e_wallet
ORD-00324,U162,P081,2,1700.0,3400.0,2024-12-19T04:06:27Z,completed,convenience_store
ORD-00325,U162,P066,4,35800.0,143200.0,2024-11-06T09:10:56Z,completed,convenience_store
ORD-00326,U162,P073,3,17300.0,51900.0,2024-12-06T16:46:28Z,completed,debit_card
ORD-00327,U162,P033,2,4580.0,9160.0,2025-01-26T19:47:47Z,completed,e_wallet
ORD-00328,U043,P030,1,25400.0,25400.0,2024-10-25T16:49:26Z,completed,credit_card
ORD-00329,U043,P002,3,20300.0,60900.0,2024-11-05T11:08:41Z,completed,convenience_store
ORD-00330,U043,P047,5,3880.0,19400.0,2025-01-29T08:16:59Z,completed,debit_card
ORD-00331,U043,P023,2,14100.0,28200.0,2024-12-24T16:16:05Z,completed,convenience_store
ORD-00332,U043,P029,4,21000.0,84000.0,2024-11-25T02:29:42Z,completed,convenience_store
ORD-00333,U119,P035,1,4450.0,4450.0,2024-10-04T18:44:42Z,completed,e_wallet
ORD-00334,U119,P048,1,2030.0,2030.0,2024-10-06T19:06:43Z,completed,e_wallet
ORD-00335,U119,P023,3,14100.0,42300.0,2025-01-18T02:14:36Z,completed,e_wallet
ORD-00336,U119,P006,5,40900.0,204500.0,2024-11-07T16:36:36Z,completed,convenience_store
ORD-00337,U119,P037,4,3780.0,15120.0,2024-12-02T18:39:59Z,completed,credit_card
ORD-00338,U119,P071,5,900.0,4500.0,2024-11-01T18:34:10Z,completed,bank_transfer
ORD-00339,U196,P038,1,3790.0,3790.0,2024-10-28T08:52:56Z,completed,bank_transfer
ORD-00340,U196,P032,5,2130.0,10650.0,2024-12-06T18:08:23Z,completed,e_wallet
ORD-00341,U196,P064,3,48200.0,144600.0,2025-01-11T02:45:47Z,completed,e_wallet
ORD-00342,U196,P098,3,5970.0,17910.0,2024-11-15T14:50:42Z,completed,credit_card
ORD-00343,U196,P053,2,3240.0,6480.0,2024-11-23T14:55:26Z,completed,e_wallet
ORD-00344,U196,P045,2,1630.0,3260.0,2024-12-03T12:38:49Z,completed,credit_card
ORD-00345,U196,P098,5,5970.0,29850.0,2025-01-22T10:19:38Z,completed,bank_transfer
ORD-00346,U196,P014,3,68000.0,204000.0,2024-12-22T10:33:26Z,completed,debit_card
ORD-00347,U196,P054,5,3930.0,19650.0,2024-11-06T19:33:56Z,completed,debit_card
ORD-00348,U022,P012,1,76600.0,76600.0,2024-10-23T11:22:12Z,completed,e_wallet
ORD-00349,U022,P053,3,3240.0,9720.0,2024-11-06T03:58:09Z,completed,convenience_store
ORD-00350,U022,P096,1,5920.0,5920.0,2024-11-26T09:17:37Z,completed,credit_card
ORD-00351,U022,P065,1,37900.0,37900.0,2024-11-08T06:54:18Z,completed,credit_card
ORD-00352,U022,P076,3,11700.0,35100.0,2024-10-07T01:07:46Z,completed,convenience_store
ORD-00353,U076,P031,2,1300.0,2600.0,2024-10-26T08:09:10Z,completed,bank_transfer
ORD-00354,U076,P051,3,2780.0,8340.0,2024-11-01T16:13:16Z,completed,bank_transfer
ORD-00355,U076,P058,2,1580.0,3160.0,2024-10-23T16:21:13Z,completed,credit_card
ORD-00356,U076,P026,1,3100.0,3100.0,2024-11-26T18:28:06Z,completed,credit_card
ORD-00357,U104,P014,1,68000.0,68000.0,2024-11-13T15:33:59Z,completed,convenience_store
ORD-00358,U104,P041,2,4330.0,8660.0,2024-10-12T17:20:13Z,completed,e_wallet
ORD-00359,U104,P046,1,3560.0,3560.0,2024-11-13T21:02:35Z,completed,bank_transfer
ORD-00360,U104,P060,2,40900.0,81800.0,2024-10-12T15:25:07Z,completed,credit_card
ORD-00361,U079,P088,2,8410.0,16820.0,2024-11-28T13:47:48Z,completed,credit_card
ORD-00362,U079,P028,2,14400.0,28800.0,2024-10-15T09:37:10Z,completed,credit_card
ORD-00363,U079,P092,1,2870.0,2870.0,2024-11-04T12:56:26Z,completed,convenience_store
ORD-00364,U079,P066,1,35800.0,35800.0,2024-10-30T00:20:57Z,completed,bank_transfer
ORD-00365,U059,P004,2,7900.0,15800.0,2024-11-13T21:42:18Z,completed,e_wallet
ORD-00366,U059,P096,3,5920.0,17760.0,2024-10-25T06:11:55Z,completed,credit_card
ORD-00367,U059,P060,1,40900.0,40900.0,2024-10-14T13:44:29Z,completed,credit_card
ORD-00368,U059,P002,1,20300.0,20300.0,2024-10-22T13:58:08Z,completed,debit_card
ORD-00369,U090,P052,2,1840.0,3680.0,2024-10-09T03:49:33Z,completed,e_wallet
ORD-00370,U090,P076,2,11700.0,23400.0,2024-10-08T06:43:58Z,completed,credit_card
ORD-00371,U090,P009,1,23000.0,23000.0,2024-11-13T01:16:11Z,completed,debit_card
ORD-00372,U090,P012,2,76600.0,153200.0,2024-10-12T21:30:36Z,completed,credit_card
ORD-00373,U101,P007,1,16700.0,16700.0,2024-11-25T17:14:49Z,completed,convenience_store
ORD-00374,U101,P093,2,3070.0,6140.0,2024-11-18T04:03:29Z,completed,credit_card
ORD-00375,U101,P049,3,1210.0,3630.0,2024-11-11T10:11:57Z,completed,debit_card
ORD-00376,U101,P046,1,3560.0,3560.0,2024-10-19T04:05:37Z,completed,bank_transfer
ORD-00377,U101,P036,2,890.0,1780.0,2024-10-15T10:20:10Z,completed,credit_card
ORD-00378,U101,P079,3,8800.0,26400.0,2024-11-29T21:39:39Z,completed,debit_card
ORD-00379,U111,P064,2,48200.0,96400.0,2024-11-23T11:11:51Z,completed,convenience_store
ORD-00380,U111,P008,1,34100.0,34100.0,2024-10-28T03:55:31Z,completed,convenience_store
ORD-00381,U111,P018,2,18900.0,37800.0,2024-10-20T08:46:13Z,completed,e_wallet
ORD-00382,U111,P032,3,2130.0,6390.0,2024-11-22T18:48:42Z,completed,credit_card
ORD-00383,U111,P049,3,1210.0,3630.0,2024-11-04T20:47:30Z,completed,convenience_store
ORD-00384,U054,P045,3,1630.0,4890.0,2024-11-18T18:39:40Z,completed,bank_transfer
ORD-00385,U054,P050,2,4870.0,9740.0,2024-10-18T11:00:04Z,completed,credit_card
ORD-00386,U054,P041,3,4330.0,12990.0,2024-10-22T06:21:14Z,completed,credit_card
ORD-00387,U054,P100,2,8560.0,17120.0,2024-10-06T16:31:38Z,completed,convenience_store
ORD-00388,U054,P068,2,22800.0,45600.0,2024-11-26T16:47:34Z,completed,debit_card
ORD-00389,U054,P021,1,29600.0,29600.0,2024-10-25T01:32:55Z,completed,debit_card
ORD-00390,U159,P069,3,3700.0,11100.0,2024-10-06T10:16:35Z,completed,debit_card
ORD-00391,U159,P074,2,5100.0,10200.0,2024-11-04T10:45:16Z,completed,debit_card
ORD-00392,U159,P023,1,14100.0,14100.0,2024-11-27T12:40:13Z,completed,bank_transfer
ORD-00393,U159,P095,3,2140.0,6420.0,2024-11-04T20:01:31Z,completed,e_wallet
ORD-00394,U159,P004,3,7900.0,23700.0,2024-11-04T03:28:43Z,completed,e_wallet
ORD-00395,U165,P019,1,17700.0,17700.0,2024-10-24T21:29:08Z,completed,e_wallet
ORD-00396,U165,P040,1,2650.0,2650.0,2024-10-24T19:23:59Z,completed,credit_card
ORD-00397,U165,P012,1,76600.0,76600.0,2024-10-12T07:01:33Z,completed,e_wallet
ORD-00398,U157,P003,2,54500.0,109000.0,2024-10-01T00:47:46Z,completed,bank_transfer
ORD-00399,U161,P026,1,3100.0,3100.0,2024-10-17T13:00:47Z,completed,debit_card
ORD-00400,U161,P042,1,970.0,970.0,2024-10-02T01:31:49Z,completed,debit_card
ORD-00401,U161,P076,1,11700.0,11700.0,2024-10-06T09:13:54Z,completed,e_wallet
ORD-00402,U118,P010,2,60900.0,121800.0,2024-10-20T04:54:08Z,completed,e_wallet
ORD-00403,U118,P013,2,8300.0,16600.0,2024-10-15T15:34:54Z,completed,bank_transfer
ORD-00404,U061,P021,2,29600.0,59200.0,2024-10-24T15:37:44Z,completed,bank_transfer
ORD-00405,U028,P091,2,1900.0,3800.0,2024-10-11T20:05:24Z,completed,e_wallet
ORD-00406,U129,P049,2,1210.0,2420.0,2024-10-15T07:08:14Z,completed,debit_card
ORD-00407,U078,P094,1,6720.0,6720.0,2024-10-28T19:24:03Z,completed,convenience_store
ORD-00408,U176,P005,1,3400.0,3400.0,2024-10-30T05:50:01Z,completed,bank_transfer
ORD-00409,U176,P079,1,8800.0,8800.0,2024-10-28T10:54:49Z,completed,credit_card
ORD-00410,U176,P064,1,48200.0,48200.0,2024-10-17T01:50:21Z,completed,credit_card
ORD-00411,U141,P045,2,1630.0,3260.0,2024-10-09T03:36:10Z,completed,credit_card
ORD-00412,U051,P086,2,9100.0,18200.0,2024-10-22T16:21:41Z,completed,credit_card
ORD-00413,U051,P034,1,1220.0,1220.0,2024-10-13T02:44:10Z,completed,credit_card
ORD-00414,U051,P045,2,1630.0,3260.0,2024-10-06T05:52:09Z,completed,credit_card
ORD-00415,U167,P050,2,4870.0,9740.0,2024-10-21T08:55:53Z,completed,debit_card
ORD-00416,U057,P064,2,48200.0,96400.0,2024-10-18T01:12:50Z,completed,e_wallet
ORD-00417,U057,P049,1,1210.0,1210.0,2024-10-24T06:38:43Z,completed,e_wallet
ORD-00418,U103,P098,1,5970.0,5970.0,2024-10-08T21:30:30Z,completed,convenience_store
ORD-00419,U103,P010,1,60900.0,60900.0,2024-10-15T07:35:36Z,completed,credit_card
ORD-00420,U103,P041,2,4330.0,8660.0,2024-10-06T02:00:48Z,completed,credit_card
ORD-00421,U156,P022,2,26100.0,52200.0,2024-10-08T19:28:02Z,completed,credit_card
ORD-00422,U156,P071,1,900.0,900.0,2024-10-17T09:44:27Z,completed,e_wallet
ORD-00423,U117,P062,3,47400.0,142200.0,2024-10-07T00:26:19Z,completed,convenience_store
ORD-00424,U117,P084,1,3200.0,3200.0,2025-01-26T22:18:18Z,completed,convenience_store
ORD-00425,U117,P021,1,29600.0,29600.0,2024-10-20T15:53:44Z,completed,bank_transfer
ORD-00426,U117,P027,1,16500.0,16500.0,2024-12-19T11:22:56Z,completed,e_wallet
ORD-00427,U037,P094,3,6720.0,20160.0,2024-11-21T12:13:24Z,completed,bank_transfer
ORD-00428,U037,P039,1,2120.0,2120.0,2024-10-19T15:00:02Z,completed,credit_card
ORD-00429,U037,P051,3,2780.0,8340.0,2025-01-15T17:36:48Z,completed,convenience_store
ORD-00430,U037,P020,1,2300.0,2300.0,2024-12-10T01:35:04Z,completed,credit_card
ORD-00431,U094,P012,2,76600.0,153200.0,2025-01-30T09:08:05Z,completed,e_wallet
ORD-00432,U094,P062,1,47400.0,47400.0,2024-10-19T19:59:30Z,completed,credit_card
ORD-00433,U094,P027,1,16500.0,16500.0,2024-11-26T15:56:23Z,completed,credit_card
ORD-00434,U186,P015,2,64800.0,129600.0,2024-12-17T04:19:55Z,completed,convenience_store
ORD-00435,U186,P063,3,26600.0,79800.0,2024-11-21T11:00:36Z,completed,credit_card
ORD-00436,U186,P083,3,4200.0,12600.0,2024-12-15T06:00:26Z,completed,debit_card
ORD-00437,U080,P049,2,1210.0,2420.0,2024-11-06T05:32:22Z,completed,convenience_store
ORD-00438,U080,P006,2,40900.0,81800.0,2024-12-25T09:20:20Z,completed,convenience_store
ORD-00439,U080,P034,1,1220.0,1220.0,2024-11-22T03:35:22Z,completed,e_wallet
ORD-00440,U163,P020,3,2300.0,6900.0,2024-10-19T18:40:00Z,completed,credit_card
ORD-00441,U163,P086,2,9100.0,18200.0,2025-01-14T03:20:06Z,completed,convenience_store
ORD-00442,U084,P030,3,25400.0,76200.0,2024-10-12T20:12:17Z,completed,convenience_store
ORD-00443,U084,P067,2,19000.0,38000.0,2025-01-12T23:40:40Z,completed,convenience_store
ORD-00444,U084,P074,1,5100.0,5100.0,2025-01-01T11:32:35Z,completed,bank_transfer
ORD-00445,U084,P011,2,27900.0,55800.0,2024-10-07T17:50:47Z,completed,e_wallet
ORD-00446,U064,P067,3,19000.0,57000.0,2025-01-29T10:40:56Z,completed,debit_card
ORD-00447,U064,P016,2,16600.0,33200.0,2024-11-03T13:40:27Z,completed,debit_card
ORD-00448,U064,P028,1,14400.0,14400.0,2024-10-25T12:04:09Z,completed,credit_card
ORD-00449,U064,P055,1,4630.0,4630.0,2024-12-24T13:04:46Z,completed,debit_card
ORD-00450,U083,P019,3,17700.0,53100.0,2024-11-20T01:50:15Z,completed,bank_transfer
ORD-00451,U083,P094,1,6720.0,6720.0,2024-10-17T21:34:38Z,completed,convenience_store
ORD-00452,U083,P072,2,3400.0,6800.0,2025-01-16T04:45:32Z,completed,bank_transfer
ORD-00453,U083,P036,3,890.0,2670.0,2024-12-28T23:10:01Z,completed,credit_card
ORD-00454,U169,P080,3,13600.0,40800.0,2025-01-10T11:18:55Z,completed,convenience_store
ORD-00455,U169,P015,2,64800.0,129600.0,2024-10-30T01:23:01Z,completed,debit_card
ORD-00456,U169,P073,3,17300.0,51900.0,2025-01-22T03:28:19Z,completed,credit_card
ORD-00457,U169,P014,3,68000.0,204000.0,2024-10-20T14:38:58Z,completed,bank_transfer
ORD-00458,U052,P045,2,1630.0,3260.0,2024-11-21T06:57:57Z,completed,convenience_store
ORD-00459,U052,P084,2,3200.0,6400.0,2025-01-20T01:49:17Z,completed,e_wallet
ORD-00460,U052,P061,1,38400.0,38400.0,2024-11-03T10:30:32Z,completed,bank_transfer
ORD-00461,U052,P052,1,1840.0,1840.0,2025-01-29T01:13:41Z,completed,e_wallet
ORD-00462,U036,P089,2,1910.0,3820.0,2024-10-08T12:44:22Z,completed,convenience_store
ORD-00463,U036,P043,3,3060.0,9180.0,2024-11-16T03:11:59Z,completed,credit_card
ORD-00464,U036,P096,2,5920.0,11840.0,2024-11-22T03:41:37Z,completed,bank_transfer
ORD-00465,U036,P003,2,54500.0,109000.0,2024-11-28T20:20:18Z,completed,bank_transfer
ORD-00466,U115,P063,3,26600.0,79800.0,2024-10-20T01:43:34Z,completed,debit_card
ORD-00467,U115,P018,2,18900.0,37800.0,2024-12-26T01:02:42Z,completed,bank_transfer
ORD-00468,U115,P035,3,4450.0,13350.0,2024-12-20T22:18:06Z,completed,e_wallet
ORD-00469,U137,P012,1,76600.0,76600.0,2024-12-25T18:32:54Z,completed,debit_card
ORD-00470,U137,P053,3,3240.0,9720.0,2025-01-03T01:44:55Z,completed,e_wallet
ORD-00471,U137,P048,1,2030.0,2030.0,2025-01-09T01:19:51Z,completed,debit_card
ORD-00472,U137,P009,2,23000.0,46000.0,2025-01-07T09:50:13Z,completed,convenience_store
ORD-00473,U041,P100,3,8560.0,25680.0,2025-01-19T10:12:18Z,completed,credit_card
ORD-00474,U041,P023,1,14100.0,14100.0,2024-11-08T23:27:16Z,completed,credit_card
ORD-00475,U056,P005,2,3400.0,6800.0,2024-10-10T19:37:23Z,completed,bank_transfer
ORD-00476,U056,P091,1,1900.0,1900.0,2024-11-23T04:49:39Z,completed,bank_transfer
ORD-00477,U192,P065,2,37900.0,75800.0,2024-10-25T01:17:21Z,completed,credit_card
ORD-00478,U192,P031,2,1300.0,2600.0,2025-01-03T21:54:40Z,completed,e_wallet
ORD-00479,U192,P058,1,1580.0,1580.0,2025-01-01T03:42:49Z,completed,e_wallet
ORD-00480,U085,P045,2,1630.0,3260.0,2024-11-01T18:01:43Z,completed,bank_transfer
ORD-00481,U085,P096,3,5920.0,17760.0,2024-10-18T13:15:24Z,completed,bank_transfer
ORD-00482,U085,P004,2,7900.0,15800.0,2024-10-10T15:23:26Z,completed,debit_card
ORD-00483,U085,P074,1,5100.0,5100.0,2024-11-12T23:34:14Z,completed,debit_card
ORD-00484,U158,P027,2,16500.0,33000.0,2024-12-19T12:26:30Z,completed,e_wallet
ORD-00485,U158,P003,3,54500.0,163500.0,2024-10-02T17:28:03Z,completed,convenience_store
ORD-00486,U158,P017,3,3300.0,9900.0,2024-11-03T15:10:24Z,completed,e_wallet
ORD-00487,U158,P002,1,20300.0,20300.0,2024-11-19T00:13:28Z,completed,e_wallet
ORD-00488,U178,P092,3,2870.0,8610.0,2024-11-23T11:21:25Z,completed,convenience_store
ORD-00489,U178,P049,2,1210.0,2420.0,2024-12-29T03:05:08Z,completed,bank_transfer
ORD-00490,U178,P028,2,14400.0,28800.0,2024-11-28T16:05:53Z,completed,e_wallet
ORD-00491,U150,P014,1,68000.0,68000.0,2025-01-19T15:29:29Z,completed,bank_transfer
ORD-00492,U150,P072,2,3400.0,6800.0,2025-01-19T15:25:29Z,completed,credit_card
ORD-00493,U150,P062,1,47400.0,47400.0,2025-01-19T15:26:29Z,completed,bank_transfer
ORD-00494,U150,P082,2,16100.0,32200.0,2025-01-19T15:25:29Z,completed,bank_transfer
ORD-00495,U150,P084,2,3200.0,6400.0,2025-01-19T15:24:29Z,completed,debit_card
ORD-00496,U071,P008,2,34100.0,68200.0,2025-01-22T13:25:43Z,completed,debit_card
ORD-00497,U071,P093,1,3070.0,3070.0,2025-01-22T13:27:43Z,completed,bank_transfer
ORD-00498,U071,P034,2,1220.0,2440.0,2025-01-22T13:26:43Z,completed,convenience_store
ORD-00499,U060,P091,1,1900.0,1900.0,2025-01-10T20:39:29Z,completed,debit_card
ORD-00500,U060,P088,2,8410.0,16820.0,2025-01-10T20:39:29Z,completed,e_wallet
ORD-00501,U060,P039,1,2120.0,2120.0,2025-01-10T20:42:29Z,completed,debit_card
ORD-00502,U060,P038,1,3790.0,3790.0,2025-01-10T20:41:29Z,completed,debit_card
ORD-00503,U060,P095,2,2140.0,4280.0,2025-01-10T20:42:29Z,completed,debit_card
ORD-00504,U032,P046,17,3560.0,60520.0,2025-01-15T21:46:48Z,completed,convenience_store
ORD-00505,U172,P043,21,3060.0,64260.0,2025-01-13T15:34:24Z,completed,e_wallet
ORD-00506,U035,P038,24,3790.0,90960.0,2025-01-06T17:13:31Z,completed,convenience_store
ORD-00507,U131,P007,30,16700.0,501000.0,2025-01-29T07:54:49Z,completed,e_wallet
ORD-00508,U093,P080,12,13600.0,163200.0,2025-01-23T22:10:32Z,completed,debit_card
ORD-00509,U133,P016,4,16600.0,66400.0,2024-12-20T05:13:09Z,completed,debit_card
ORD-00510,U146,P059,2,47400.0,94800.0,2024-11-05T00:31:24Z,completed,convenience_store
ORD-00511,U031,P001,4,51500.0,206000.0,2024-11-02T17:45:35Z,completed,debit_card
ORD-00512,U153,P056,4,2700.0,10800.0,2025-01-01T16:50:47Z,completed,credit_card
ORD-00513,U013,P042,5,970.0,4850.0,2024-10-01T19:13:06Z,completed,debit_card
ORD-00514,U045,P050,5,4870.0,24350.0,2024-11-02T10:22:13Z,completed,credit_card
ORD-00515,U151,P068,3,22800.0,68400.0,2024-10-26T23:30:14Z,completed,convenience_store
ORD-00516,U016,P052,1,1840.0,1840.0,2024-10-26T11:27:47Z,completed,credit_card
ORD-00517,U170,P005,4,3400.0,13600.0,2024-11-19T16:03:50Z,completed,e_wallet
ORD-00518,U170,P003,1,54500.0,54500.0,2024-12-20T22:18:53Z,completed,credit_card
ORD-00519,U180,P088,1,8410.0,8410.0,2024-10-20T14:36:00Z,completed,bank_transfer
ORD-00520,U014,P014,5,68000.0,340000.0,2024-10-23T20:40:58Z,completed,credit_card
ORD-00521,U005,P067,2,19000.0,38000.0,2024-12-19T13:36:08Z,completed,credit_card
ORD-00522,U127,P043,2,3531.33,7062.66,2024-10-22T10:38:43Z,cancelled,convenience_store
ORD-00523,U185,P093,1,3070.0,3070.0,2024-11-14T21:17:06Z,completed,bank_transfer
ORD-00524,U010,P006,3,40900.0,122700.0,2024-11-30T17:19:14Z,completed,credit_card
ORD-00525,U008,P018,2,18900.0,37800.0,2024-12-24T23:53:50Z,refunded,bank_transfer
ORD-00526,U065,P015,4,64800.0,259200.0,2024-12-28T15:37:28Z,completed,convenience_store
ORD-00527,U012,P022,1,26100.0,26100.0,2024-10-12T09:18:43Z,refunded,debit_card
ORD-00528,U146,P087,4,1250.0,5000.0,2024-12-13T17:46:00Z,completed,e_wallet
ORD-00529,U013,P017,4,3300.0,13200.0,2024-10-22T22:19:36Z,cancelled,convenience_store
ORD-00530,U182,P087,5,1250.0,6250.0,2025-01-20T23:22:44Z,completed,debit_card
ORD-00531,U135,P089,5,1910.0,9550.0,2024-11-18T06:27:09Z,completed,convenience_store
ORD-00532,U153,P007,1,16700.0,16700.0,2024-10-31T11:20:04Z,completed,convenience_store
ORD-00533,U128,P042,2,970.0,1940.0,2024-11-24T00:18:22Z,completed,debit_card
ORD-00534,U039,P059,4,47400.0,189600.0,2024-12-27T00:17:26Z,completed,convenience_store
ORD-00535,U170,P003,1,54500.0,54500.0,2024-10-07T22:59:20Z,completed,credit_card
ORD-00536,U166,P039,5,2120.0,10600.0,2024-12-28T14:04:58Z,refunded,bank_transfer
ORD-00537,U097,P072,5,3400.0,17000.0,invalid-date,completed,credit_card
ORD-00538,U102,P082,3,16100.0,48300.0,2024-12-12T14:27:19Z,completed,credit_card
ORD-00539,U189,P093,4,3070.0,12280.0,2025-01-27T14:46:32Z,completed,credit_card
ORD-00540,U199,P025,3,20400.0,61200.0,2024-12-20T11:34:18Z,completed,e_wallet
ORD-00541,U149,P065,2,37900.0,75800.0,2024-10-01T20:12:53Z,completed,credit_card
ORD-00542,U017,P066,2,35800.0,71600.0,2024-11-03T17:16:08Z,completed,debit_card
ORD-00543,U096,P065,4,37900.0,151600.0,2025-01-27T06:06:58Z,cancelled,debit_card
ORD-00544,U123,P018,2,18900.0,37800.0,2025-01-08T11:27:57Z,completed,e_wallet
ORD-00545,U164,P028,2,14400.0,28800.0,2024-11-26T10:11:54Z,completed,debit_card
ORD-00546,U133,P070,3,27900.0,83700.0,2024-12-08T09:32:49Z,completed,e_wallet
ORD-00547,U189,P069,3,3700.0,11100.0,2024-12-22T00:27:47Z,cancelled,e_wallet
ORD-00548,U031,P026,3,3100.0,9300.0,2024-11-01T06:00:47Z,refunded,bank_transfer
ORD-00549,U068,P097,5,7560.0,37800.0,2024-12-27T21:14:35Z,completed,e_wallet
ORD-00550,U073,P066,3,35800.0,107400.0,2024-10-10T02:56:31Z,refunded,convenience_store
ORD-00551,U143,P007,1,16700.0,16700.0,2024-11-09T10:27:18Z,completed,convenience_store
ORD-00552,U168,P048,5,2030.0,10150.0,2025-01-26T03:59:13Z,completed,debit_card
ORD-00553,U065,P023,5,14100.0,70500.0,2024-10-08T21:22:09Z,completed,e_wallet
ORD-00554,U021,P043,4,3060.0,12240.0,2024-10-31T01:26:48Z,completed,bank_transfer
ORD-00555,U006,P085,3,9500.0,28500.0,2025-01-20T04:52:05Z,completed,credit_card
ORD-00556,U065,P067,1,19000.0,19000.0,2024-10-31T22:43:13Z,completed,e_wallet
ORD-00557,U171,P043,3,3060.0,9180.0,2024-11-12T10:01:43Z,refunded,e_wallet
ORD-00558,U170,P002,1,20300.0,20300.0,2024-12-26T12:57:35Z,completed,e_wallet
ORD-00559,U012,P042,4,970.0,3880.0,2024-10-23T00:21:40Z,completed,e_wallet
ORD-00560,U197,P048,5,2030.0,10150.0,2024-12-26T12:26:44Z,completed,bank_transfer
ORD-00561,U020,P013,2,8300.0,16600.0,2025-01-13T11:08:39Z,completed,credit_card
ORD-00562,U179,P055,1,4630.0,4630.0,2024-12-24T12:21:17Z,completed,credit_card
ORD-00563,U097,P005,1,3400.0,3400.0,2024-11-04T13:30:12Z,completed,e_wallet
ORD-00564,U113,P050,4,4870.0,19480.0,2024-12-24T02:02:34Z,completed,convenience_store
ORD-00565,U160,P009,5,23000.0,115000.0,2024-10-15T02:17:28Z,completed,e_wallet
ORD-00566,U040,P037,4,3780.0,15120.0,2024-10-06T23:37:39Z,completed,e_wallet
ORD-00567,U007,P070,3,27900.0,83700.0,2024-10-28T23:26:26Z,completed,bank_transfer
ORD-00568,U053,P016,1,18982.63,18982.63,2025-01-13T07:18:35Z,completed,credit_card
ORD-00569,U100,P028,4,14400.0,57600.0,2025-01-08T12:40:07Z,completed,debit_card
ORD-00570,U065,P086,5,9100.0,45500.0,2025-01-15T13:49:53Z,completed,e_wallet
ORD-00571,U067,P093,5,3070.0,15350.0,2024-12-04T05:52:37Z,completed,debit_card
ORD-00572,U095,P063,4,26600.0,106400.0,2024-11-29T08:33:03Z,completed,debit_card
ORD-00573,U116,P022,1,26100.0,26100.0,2024-11-13T00:23:04Z,completed,convenience_store
ORD-00574,U097,P062,4,47400.0,189600.0,2024-11-29T07:36:06Z,completed,credit_card
ORD-00575,U008,P018,5,18900.0,94500.0,2025-01-30T16:15:20Z,completed,credit_card
ORD-00576,U003,P075,5,4700.0,23500.0,2025-01-23T13:46:06Z,completed,credit_card
ORD-00577,U126,P084,2,3200.0,6400.0,2024-11-13T08:41:03Z,cancelled,e_wallet
ORD-00578,U134,P012,4,76600.0,306400.0,2024-10-03T01:21:38Z,completed,e_wallet
ORD-00579,U058,P023,5,14100.0,70500.0,2024-10-29T09:20:13Z,completed,convenience_store
ORD-00580,U072,P009,3,23000.0,69000.0,2024-10-09T07:30:06Z,completed,e_wallet
ORD-00581,U124,P006,1,40900.0,40900.0,2024-12-02T22:16:51Z,completed,e_wallet
ORD-00582,U148,P070,5,27900.0,139500.0,2024-12-13T12:01:26Z,completed,credit_card
ORD-00583,U135,P052,3,1840.0,,2024-12-06T23:58:01Z,completed,convenience_store
ORD-00584,U121,P022,2,26100.0,52200.0,2024-11-24T12:40:01Z,completed,debit_card
ORD-00585,U171,P030,4,25400.0,101600.0,2024-10-23T00:11:47Z,completed,convenience_store
ORD-00586,U113,P003,2,54500.0,109000.0,2025-01-20T08:38:27Z,completed,debit_card
ORD-00587,U031,P022,3,26100.0,78300.0,2025-01-09T07:43:12Z,refunded,e_wallet
ORD-00588,U187,P085,3,9500.0,28500.0,2024-11-12T01:23:54Z,completed,convenience_store
ORD-00589,U151,P019,5,17700.0,88500.0,2024-11-05T07:38:29Z,completed,e_wallet
ORD-00590,U124,P077,5,16200.0,81000.0,2024-12-13T10:35:33Z,completed,credit_card
ORD-00591,U179,P054,2,3930.0,7860.0,2024-11-04T10:50:50Z,completed,e_wallet
ORD-00592,U193,P016,1,16600.0,16600.0,2024-10-26T07:22:35Z,cancelled,e_wallet
ORD-00593,U170,P056,5,2700.0,13500.0,2024-10-09T10:26:13Z,completed,convenience_store
ORD-00594,U107,P045,5,1630.0,8150.0,2025-01-20T20:55:03Z,completed,debit_card
ORD-00595,U039,P037,5,3780.0,18900.0,2024-12-19T08:25:54Z,completed,credit_card
ORD-00596,U047,P067,1,19000.0,19000.0,2024-11-09T21:19:13Z,completed,bank_transfer
ORD-00597,U148,P033,3,4580.0,13740.0,2024-12-22T05:56:23Z,completed,e_wallet
ORD-00598,U113,P071,5,900.0,4500.0,2024-12-11T21:19:02Z,completed,convenience_store
ORD-00599,U182,P051,2,2780.0,5560.0,2024-10-24T02:58:47Z,completed,convenience_store
ORD-00600,U134,P052,3,1840.0,5520.0,2025-01-28T05:33:56Z,completed,credit_card
ORD-00601,U040,P019,4,17700.0,70800.0,2024-12-24T13:00:21Z,completed,bank_transfer
ORD-00602,U108,P052,5,1840.0,9200.0,2024-11-25T15:02:36Z,completed,e_wallet
ORD-00603,U132,P057,1,4450.0,4450.0,2025-01-09T14:46:09Z,completed,credit_card
ORD-00604,U153,P022,1,26100.0,26100.0,2024-10-01T01:20:19Z,refunded,credit_card
ORD-00605,U110,P052,5,1840.0,9200.0,2024-10-03T23:36:47Z,completed,credit_card
ORD-00606,U144,P075,3,4700.0,14100.0,invalid-date,completed,debit_card
ORD-00607,U063,P053,5,3240.0,16200.0,2024-10-15T01:20:35Z,completed,bank_transfer
ORD-00608,U011,P069,5,3700.0,18500.0,2024-12-25T23:27:05Z,refunded,e_wallet
ORD-00609,U198,P059,4,47400.0,189600.0,2024-10-06T07:27:48Z,completed,bank_transfer
ORD-00610,U177,P090,2,2370.0,4740.0,2024-12-20T02:02:39Z,refunded,e_wallet
ORD-00611,U087,P012,4,76600.0,306400.0,2024-12-06T09:48:08Z,completed,debit_card
ORD-00612,U082,P024,2,5700.0,11400.0,2024-11-08T18:30:48Z,completed,debit_card
ORD-00613,U074,P080,3,13600.0,40800.0,2024-10-21T17:12:29Z,completed,credit_card
ORD-00614,U195,P070,1,27900.0,27900.0,2024-12-12T01:54:04Z,completed,convenience_store
ORD-00615,U086,P063,2,26600.0,53200.0,2025-01-08T06:03:19Z,completed,debit_card
ORD-00616,U116,P062,5,47400.0,237000.0,2024-12-07T10:29:01Z,completed,debit_card
ORD-00617,U095,P089,1,2080.96,2080.96,2025-01-21T19:41:40Z,completed,bank_transfer
ORD-00618,U073,P035,4,4450.0,17800.0,2024-12-06T14:56:43Z,completed,convenience_store
ORD-00619,U105,P052,3,1840.0,5520.0,2025-01-19T22:57:44Z,completed,e_wallet
ORD-00620,U001,P031,5,1300.0,,2024-12-13T23:02:42Z,completed,debit_card
ORD-00621,U050,P081,5,1700.0,8500.0,2024-12-01T07:23:44Z,completed,bank_transfer
ORD-00622,U044,P089,2,1910.0,3820.0,2024-11-19T09:04:32Z,completed,credit_card
ORD-00623,U144,P072,3,3400.0,10200.0,2024-12-19T22:56:41Z,completed,e_wallet
ORD-00624,U063,P100,3,8560.0,25680.0,2025-01-08T02:50:38Z,completed,convenience_store
ORD-00625,U164,P019,2,17700.0,35400.0,2024-12-05T12:20:36Z,completed,e_wallet
ORD-00626,U058,P044,2,3060.0,6120.0,2024-11-26T13:49:08Z,completed,e_wallet
ORD-00627,U009,P047,5,3880.0,19400.0,2024-12-27T10:29:50Z,completed,debit_card
ORD-00628,U075,P096,1,5920.0,5920.0,2024-12-17T02:21:59Z,completed,credit_card
ORD-00629,U197,P051,5,2780.0,13900.0,2024-10-17T03:58:43Z,completed,e_wallet
ORD-00630,U092,P030,2,25400.0,50800.0,2024-12-26T01:16:38Z,completed,debit_card
ORD-00631,U102,P042,4,970.0,3880.0,2025-01-13T23:18:17Z,refunded,e_wallet
ORD-00632,U063,P076,5,11700.0,58500.0,2025-01-18T12:21:29Z,completed,e_wallet
ORD-00633,U002,,4,76600.0,306400.0,2024-12-20T01:00:32Z,completed,bank_transfer
ORD-00634,U050,P045,3,1630.0,4890.0,2024-10-02T14:45:37Z,completed,convenience_store
ORD-00635,U120,P038,5,3790.0,18950.0,2024-10-02T09:38:17Z,completed,debit_card
ORD-00636,U058,P092,4,2870.0,11480.0,2024-11-12T20:02:06Z,completed,convenience_store
ORD-00637,U153,P089,3,1910.0,5730.0,2025-01-12T07:02:23Z,cancelled,convenience_store
ORD-00638,U046,P082,4,16100.0,64400.0,2024-11-22T20:14:13Z,completed,convenience_store
ORD-00639,U139,P003,2,54500.0,109000.0,2024-11-24T18:44:56Z,completed,convenience_store
ORD-00640,U132,P028,3,14400.0,43200.0,2025-01-05T18:41:33Z,refunded,convenience_store
ORD-00641,U193,P019,1,17700.0,17700.0,2024-12-16T04:49:04Z,completed,convenience_store
ORD-00642,U107,P002,1,20300.0,20300.0,2024-11-18T08:14:55Z,completed,convenience_store
ORD-00643,U188,P099,1,1830.0,1830.0,2024-11-10T11:26:02Z,completed,bank_transfer
ORD-00644,U189,P071,5,900.0,4500.0,2025-01-02T10:41:32Z,completed,debit_card
ORD-00645,U046,P031,4,1300.0,5200.0,2024-11-02T11:57:20Z,completed,e_wallet
ORD-00646,U029,P075,4,4700.0,18800.0,2024-10-31T02:18:53Z,completed,credit_card
ORD-00647,U098,P098,1,5970.0,5970.0,2024-10-30T21:18:42Z,completed,credit_card
ORD-00648,U199,P083,3,4200.0,12600.0,2024-12-25T04:34:41Z,completed,credit_card
ORD-00649,U014,P006,4,40900.0,163600.0,2025-01-17T13:14:39Z,completed,convenience_store
ORD-00650,U187,P060,3,40900.0,122700.0,2025-01-25T06:03:02Z,cancelled,e_wallet
ORD-00651,U003,P034,5,1220.0,6100.0,2024-10-01T03:21:16Z,completed,e_wallet
ORD-00652,U008,P047,5,3880.0,19400.0,2024-10-13T07:11:38Z,completed,e_wallet
ORD-00653,U197,P071,2,900.0,1800.0,2024-12-02T15:25:30Z,completed,bank_transfer
ORD-00654,U005,P017,2,3300.0,6600.0,2024-11-09T05:45:23Z,completed,debit_card
ORD-00655,U171,P063,5,26600.0,133000.0,2025-01-23T15:00:05Z,completed,bank_transfer
ORD-00656,U016,P027,4,16500.0,66000.0,2024-10-16T12:37:32Z,completed,credit_card
ORD-00657,U004,P048,1,2030.0,2030.0,2024-11-21T14:47:26Z,completed,credit_card
ORD-00658,U135,P013,1,8300.0,8300.0,2025-01-12T05:43:12Z,completed,debit_card
ORD-00659,U063,P072,5,3400.0,17000.0,2024-10-21T11:43:54Z,completed,e_wallet
ORD-00660,U012,P014,2,68000.0,136000.0,2025-01-15T19:01:29Z,completed,bank_transfer
ORD-00661,U018,P046,3,3560.0,10680.0,2024-12-03T00:59:52Z,cancelled,convenience_store
ORD-00662,U152,P031,5,1300.0,6500.0,2024-12-12T19:55:14Z,completed,bank_transfer
ORD-00663,U021,P093,1,3070.0,3070.0,2025-01-24T16:27:21Z,completed,debit_card
ORD-00664,U070,P028,3,14400.0,43200.0,2024-11-23T14:03:12Z,cancelled,e_wallet
ORD-00665,U027,P059,3,47400.0,142200.0,2024-11-21T10:56:03Z,completed,e_wallet
ORD-00666,U147,P052,5,1840.0,9200.0,2024-10-15T23:47:07Z,completed,convenience_store
ORD-00667,U147,P013,5,8300.0,41500.0,2024-10-08T06:09:51Z,completed,e_wallet
ORD-00668,U097,P045,4,1630.0,6520.0,2024-10-24T09:45:34Z,cancelled,debit_card
ORD-00669,U166,P100,4,8560.0,34240.0,2025-01-10T19:48:12Z,completed,e_wallet
ORD-00670,U055,P007,4,16700.0,66800.0,2025-01-24T13:31:01Z,completed,credit_card
ORD-00671,U048,P044,1,3060.0,3060.0,2024-10-10T13:48:22Z,completed,bank_transfer
ORD-00672,U048,P098,2,5970.0,11940.0,2024-11-08T11:15:09Z,completed,e_wallet
ORD-00673,U074,P032,1,2130.0,2130.0,2024-12-23T12:15:05Z,completed,e_wallet
ORD-00674,U100,P025,3,20400.0,61200.0,2024-10-05T16:48:43Z,completed,debit_card
ORD-00675,U121,P080,2,13600.0,27200.0,2024-11-15T08:08:25Z,completed,bank_transfer
ORD-00676,U188,,2,16700.0,33400.0,2024-10-29T16:13:30Z,cancelled,bank_transfer
ORD-00677,U123,P061,1,38400.0,38400.0,2025-01-13T11:17:13Z,completed,e_wallet
ORD-00678,U187,P019,1,17700.0,17700.0,2025-01-11T07:03:42Z,completed,debit_card
ORD-00679,U082,P007,4,16700.0,66800.0,2024-10-02T14:50:24Z,completed,bank_transfer
ORD-00680,U045,P003,3,54500.0,163500.0,2024-12-15T01:19:43Z,completed,convenience_store
ORD-00681,U128,P077,5,16200.0,81000.0,2024-11-08T14:49:32Z,completed,convenience_store
ORD-00682,U017,P068,3,22800.0,68400.0,2024-12-16T09:22:33Z,completed,credit_card
ORD-00683,U073,P065,3,37900.0,113700.0,2025-01-30T12:24:13Z,completed,convenience_store
ORD-00684,U144,P036,2,890.0,1780.0,2024-12-16T06:47:52Z,completed,credit_card
ORD-00685,U010,P081,2,1700.0,3400.0,2025-01-20T05:54:02Z,completed,bank_transfer
ORD-00686,U068,P084,2,3200.0,6400.0,2024-11-09T06:50:02Z,cancelled,bank_transfer
ORD-00687,U120,P099,2,1830.0,3660.0,2025-01-18T16:21:54Z,cancelled,bank_transfer
ORD-00688,U065,P041,2,4330.0,8660.0,2024-12-01T21:11:28Z,cancelled,convenience_store
ORD-00689,U004,P082,3,16100.0,48300.0,2024-11-06T11:50:02Z,completed,debit_card
ORD-00690,U152,P073,5,17300.0,86500.0,2024-11-15T02:02:56Z,completed,credit_card
ORD-00691,U133,P078,4,2400.0,9600.0,2024-12-12T14:46:37Z,completed,convenience_store
ORD-00692,U027,P053,1,3240.0,3240.0,2024-12-20T04:55:28Z,completed,debit_card
ORD-00693,U121,P079,4,8800.0,35200.0,2024-12-28T20:18:50Z,cancelled,convenience_store
ORD-00694,U107,P093,3,3070.0,9210.0,2025-01-20T01:24:27Z,completed,e_wallet
ORD-00695,U045,P058,4,1580.0,6320.0,2024-10-09T05:40:20Z,cancelled,debit_card
ORD-00696,U144,P050,5,4870.0,24350.0,2024-10-10T13:44:00Z,completed,convenience_store
ORD-00697,U125,P022,4,26100.0,104400.0,2024-10-11T14:12:21Z,completed,debit_card
ORD-00698,U133,P015,2,64800.0,129600.0,2025-01-15T02:26:30Z,completed,convenience_store
ORD-00699,U013,P092,2,2870.0,5740.0,2024-10-18T12:16:03Z,completed,debit_card
ORD-00700,U123,P082,3,16100.0,48300.0,2024-12-14T13:58:36Z,completed,e_wallet
ORD-00701,U029,P099,2,1830.0,3660.0,2025-01-18T19:22:54Z,cancelled,debit_card
ORD-00702,U030,P054,3,3930.0,11790.0,2024-12-26T15:42:50Z,completed,debit_card
ORD-00703,U160,P098,3,6744.12,20232.36,2025-01-05T19:50:28Z,completed,credit_card
ORD-00704,U171,P061,4,38400.0,153600.0,2024-10-16T10:03:13Z,completed,credit_card
ORD-00705,U144,P027,1,16500.0,16500.0,2024-10-11T16:36:59Z,completed,credit_card
ORD-00706,U152,P039,3,2120.0,6360.0,2024-10-10T12:30:09Z,completed,debit_card
ORD-00707,U181,P077,5,16200.0,81000.0,2024-11-04T10:50:01Z,refunded,e_wallet
ORD-00708,U096,P048,4,2030.0,8120.0,2024-12-22T23:28:24Z,cancelled,credit_card
ORD-00709,U086,P043,5,3060.0,15300.0,2024-11-10T17:57:01Z,completed,e_wallet
ORD-00710,U136,P012,4,76600.0,306400.0,2025-01-26T10:28:11Z,refunded,bank_transfer
ORD-00711,U147,P080,3,13600.0,40800.0,2025-01-28T06:47:55Z,completed,e_wallet
ORD-00712,U012,P079,2,8800.0,17600.0,2024-11-07T14:02:01Z,completed,credit_card
ORD-00713,U068,,4,8800.0,35200.0,2024-12-04T19:35:04Z,completed,debit_card
ORD-00714,U200,P009,3,23000.0,69000.0,2025-01-15T19:09:21Z,completed,credit_card
ORD-00715,U146,P079,1,8800.0,8800.0,2024-11-07T16:10:41Z,completed,bank_transfer
ORD-00716,U027,P083,2,4200.0,8400.0,2025-01-30T18:57:58Z,completed,e_wallet
ORD-00717,U017,P096,1,5920.0,5920.0,2024-11-28T03:02:34Z,completed,bank_transfer
ORD-00718,U097,P046,1,3560.0,3560.0,2024-11-24T11:02:18Z,cancelled,bank_transfer
ORD-00719,U147,P078,4,2400.0,9600.0,2024-10-23T16:32:07Z,cancelled,bank_transfer
ORD-00720,U113,P012,4,76600.0,306400.0,2024-12-12T03:42:17Z,completed,bank_transfer
ORD-00721,U199,P005,2,3400.0,6800.0,2024-12-26T04:08:13Z,completed,convenience_store
ORD-00722,U127,P094,5,6720.0,33600.0,2024-12-03T13:30:19Z,completed,credit_card
ORD-00723,U048,P027,1,16500.0,16500.0,2025-01-10T10:18:12Z,completed,bank_transfer
ORD-00724,U040,P043,4,3060.0,12240.0,2024-10-21T00:29:38Z,completed,bank_transfer
ORD-00725,U068,P042,2,970.0,1940.0,2024-11-23T17:16:49Z,completed,convenience_store
ORD-00726,U046,P002,5,20300.0,101500.0,2024-10-20T21:06:12Z,completed,bank_transfer
ORD-00727,U001,P037,5,3780.0,18900.0,2024-10-14T20:00:57Z,completed,bank_transfer
ORD-00728,U014,P087,1,1250.0,1250.0,2024-10-11T10:43:32Z,completed,convenience_store
ORD-00729,U006,P089,4,1910.0,7640.0,2024-11-30T16:04:44Z,completed,debit_card
ORD-00730,U017,P097,4,7560.0,30240.0,2024-10-19T01:01:14Z,cancelled,convenience_store
ORD-00731,U197,P060,4,40900.0,163600.0,2024-11-13T10:57:27Z,completed,e_wallet
ORD-00732,U016,P086,3,9100.0,27300.0,2024-12-03T01:29:46Z,completed,credit_card
ORD-00733,U007,P022,3,26100.0,78300.0,2025-01-26T08:53:44Z,completed,e_wallet
ORD-00734,U096,P072,1,3400.0,3400.0,2025-01-12T10:46:27Z,completed,e_wallet
ORD-00735,U127,P050,1,4870.0,4870.0,2025-01-23T18:07:14Z,completed,convenience_store
ORD-00736,U063,P085,1,9500.0,9500.0,2025-01-20T11:54:40Z,cancelled,credit_card
ORD-00737,U004,P057,2,4450.0,8900.0,2024-12-18T19:08:08Z,completed,credit_card
ORD-00738,U096,P064,1,48200.0,48200.0,2024-10-27T23:23:56Z,cancelled,credit_card
ORD-00739,U088,P050,5,4870.0,24350.0,2024-11-07T23:52:21Z,completed,bank_transfer
ORD-00740,U016,P056,3,2700.0,8100.0,2025-01-22T03:42:16Z,completed,e_wallet
ORD-00741,U106,P071,1,1024.56,1024.56,2024-12-09T18:12:04Z,completed,bank_transfer
ORD-00742,U110,P081,3,1700.0,5100.0,2024-12-18T20:14:57Z,completed,e_wallet
ORD-00743,U144,P050,3,4870.0,14610.0,2024-10-30T22:56:15Z,completed,debit_card
ORD-00744,U185,P063,4,26600.0,106400.0,2024-10-27T08:45:39Z,completed,convenience_store
ORD-00745,U018,P055,5,4630.0,23150.0,2025-01-07T22:02:44Z,completed,convenience_store
ORD-00746,U021,P074,4,5100.0,20400.0,2024-11-15T23:20:05Z,completed,bank_transfer
ORD-00747,U027,P073,4,17300.0,69200.0,2024-10-22T23:23:03Z,completed,credit_card
ORD-00748,U193,P100,3,8560.0,25680.0,2024-10-16T04:35:58Z,completed,e_wallet
ORD-00749,U173,P010,5,60900.0,304500.0,2024-11-30T16:21:15Z,completed,bank_transfer
ORD-00750,U014,P061,5,38400.0,192000.0,2024-12-21T18:04:38Z,completed,bank_transfer
ORD-00751,U189,P039,5,2120.0,10600.0,2025-01-31T04:45:02Z,completed,debit_card
ORD-00752,U188,P080,1,13600.0,13600.0,2024-10-17T00:31:30Z,completed,credit_card
ORD-00753,U086,P036,3,957.3,2871.9,2024-11-03T21:45:34Z,cancelled,debit_card
ORD-00754,U199,P090,2,2370.0,4740.0,2025-01-11T09:48:36Z,cancelled,bank_transfer
ORD-00755,U004,P020,4,2300.0,9200.0,2024-12-20T04:28:35Z,completed,debit_card
ORD-00756,U147,P094,3,6720.0,20160.0,2024-11-21T08:10:20Z,completed,credit_card
ORD-00757,U126,P096,5,5920.0,29600.0,2024-12-15T17:51:36Z,completed,debit_card
ORD-00758,U001,P058,4,1580.0,6320.0,2025-01-11T23:09:36Z,completed,credit_card
ORD-00759,U007,P056,5,2700.0,13500.0,2024-11-22T22:21:51Z,completed,bank_transfer
ORD-00760,U125,P099,2,1830.0,3660.0,2025-01-23T07:39:14Z,completed,e_wallet
ORD-00761,U143,P002,1,20300.0,20300.0,2024-10-03T07:44:39Z,completed,e_wallet
ORD-00762,U087,P033,2,4580.0,9160.0,2025-01-29T06:36:01Z,completed,e_wallet
ORD-00763,U166,P016,1,16600.0,16600.0,2025-01-26T10:02:24Z,completed,e_wallet
ORD-00764,U065,P033,3,4580.0,13740.0,2024-10-15T16:51:13Z,completed,bank_transfer
ORD-00765,U197,P042,3,970.0,2910.0,2024-10-15T08:51:04Z,completed,credit_card
ORD-00766,U003,P034,2,1220.0,2440.0,2025-01-04T11:35:22Z,refunded,debit_card
ORD-00767,U053,P070,4,27900.0,111600.0,2024-10-21T15:09:34Z,cancelled,bank_transfer
ORD-00768,U075,P100,4,9670.05,38680.2,2024-10-01T04:02:36Z,refunded,convenience_store
ORD-00769,U147,P001,5,51500.0,257500.0,2025-01-04T06:43:55Z,completed,convenience_store
ORD-00770,U140,P029,1,21000.0,21000.0,2025-01-02T14:35:31Z,completed,e_wallet
ORD-00771,U112,P008,1,34100.0,34100.0,2024-12-06T00:48:26Z,completed,convenience_store
ORD-00772,U143,P006,4,40900.0,163600.0,2024-11-28T00:50:12Z,completed,credit_card
ORD-00773,U164,P057,2,4450.0,8900.0,2024-11-07T11:52:38Z,completed,e_wallet
ORD-00774,U168,P040,4,2650.0,10600.0,2024-12-27T05:55:25Z,refunded,credit_card
ORD-00775,U029,P052,1,1840.0,1840.0,2025-01-10T13:54:51Z,completed,e_wallet
ORD-00776,U027,P095,2,2140.0,4280.0,2024-10-04T16:50:24Z,completed,e_wallet
ORD-00777,U063,P081,1,1700.0,1700.0,2024-10-19T21:24:52Z,completed,debit_card
ORD-00778,U046,P064,5,48200.0,241000.0,2024-11-12T19:56:32Z,completed,debit_card
ORD-00779,U177,P052,3,1840.0,5520.0,2025-01-20T20:12:02Z,completed,bank_transfer
ORD-00780,U149,P023,3,14100.0,42300.0,2024-11-23T04:26:08Z,completed,convenience_store
ORD-00781,U074,P075,1,4700.0,4700.0,2025-01-31T18:14:25Z,completed,debit_card
ORD-00782,U063,P012,5,76600.0,383000.0,2024-12-20T19:44:10Z,completed,convenience_store
ORD-00783,U135,P058,4,1580.0,6320.0,2024-11-03T21:27:25Z,completed,credit_card
ORD-00784,U040,P081,3,1700.0,5100.0,2024-10-01T21:17:52Z,completed,debit_card
ORD-00785,U105,P098,5,5970.0,29850.0,2024-12-30T03:24:12Z,completed,debit_card
ORD-00786,U179,P061,4,38400.0,153600.0,2024-10-09T08:55:59Z,completed,bank_transfer
ORD-00787,U002,P098,4,5970.0,23880.0,2024-10-11T04:27:55Z,refunded,debit_card
ORD-00788,U038,P031,4,1300.0,5200.0,2024-12-03T07:08:27Z,completed,bank_transfer
ORD-00789,U073,P095,4,2140.0,8560.0,2024-12-12T22:06:27Z,cancelled,credit_card
ORD-00790,U053,P028,5,14400.0,72000.0,2024-12-15T05:05:24Z,completed,convenience_store
ORD-00791,U067,P043,2,3060.0,6120.0,2025-01-19T10:10:29Z,completed,debit_card
ORD-00792,U195,P044,2,3060.0,6120.0,2025-01-26T05:08:51Z,completed,e_wallet
ORD-00793,U072,P012,4,76600.0,306400.0,2025-01-03T23:53:58Z,cancelled,debit_card
ORD-00794,U187,P055,2,4630.0,9260.0,2024-12-24T07:44:44Z,completed,e_wallet
ORD-00795,U114,P006,1,40900.0,40900.0,2025-01-06T21:49:06Z,completed,e_wallet
ORD-00796,U044,P058,4,1580.0,6320.0,2025-01-17T10:44:16Z,completed,convenience_store
ORD-00797,U168,P012,1,76600.0,76600.0,2024-11-29T04:38:29Z,completed,convenience_store
ORD-00798,U124,P060,2,40900.0,81800.0,invalid-date,completed,bank_transfer
ORD-00799,U164,P010,4,60900.0,243600.0,2024-12-04T15:27:18Z,completed,bank_transfer
ORD-00800,U140,P074,2,5100.0,10200.0,2024-10-16T17:17:47Z,completed,bank_transfer
ORD-00801,U177,P047,1,3880.0,3880.0,2024-12-10T23:46:36Z,completed,credit_card
ORD-00802,U034,P072,2,3400.0,6800.0,2024-12-05T00:53:07Z,completed,credit_card
ORD-00803,U010,P090,2,2370.0,4740.0,2024-11-13T18:36:49Z,completed,bank_transfer
ORD-00804,U106,P045,4,1630.0,6520.0,2025-01-11T06:31:07Z,cancelled,convenience_store
ORD-00805,U088,P058,5,1580.0,7900.0,2024-10-13T17:50:48Z,completed,convenience_store
ORD-00806,U038,P014,2,68000.0,136000.0,2024-10-29T17:30:56Z,completed,debit_card
ORD-00807,U179,P070,2,27900.0,55800.0,2024-12-21T13:56:51Z,completed,credit_card
ORD-00808,U072,P067,3,19000.0,57000.0,2024-12-06T13:31:43Z,completed,bank_transfer
ORD-00809,U143,P057,4,4450.0,17800.0,2024-10-26T14:57:04Z,cancelled,bank_transfer
ORD-00810,U087,P099,1,1830.0,1830.0,2024-11-25T05:18:58Z,completed,debit_card
ORD-00811,U065,P023,2,14100.0,28200.0,2024-10-23T16:52:27Z,completed,bank_transfer
ORD-00812,U068,P072,1,3400.0,3400.0,2024-12-06T18:26:35Z,completed,convenience_store
ORD-00813,U016,P004,4,7900.0,31600.0,2024-10-29T05:32:16Z,refunded,bank_transfer
ORD-00814,U133,P043,3,3060.0,9180.0,2024-11-26T06:41:33Z,refunded,e_wallet
ORD-00815,U017,P057,3,4450.0,13350.0,2025-01-02T00:12:51Z,cancelled,debit_card
ORD-00816,U160,P029,4,21000.0,84000.0,2024-12-03T08:58:40Z,completed,debit_card
ORD-00817,U086,P026,1,3100.0,3100.0,2024-12-26T11:59:06Z,completed,credit_card
ORD-00818,U152,P078,5,2400.0,12000.0,2024-12-10T02:41:03Z,completed,convenience_store
ORD-00819,U100,P040,4,2650.0,10600.0,2024-10-18T00:14:21Z,completed,convenience_store
ORD-00820,U058,P094,4,6720.0,26880.0,2024-12-20T10:16:58Z,completed,e_wallet
ORD-00821,U010,,3,22800.0,68400.0,2025-01-23T16:45:47Z,completed,credit_card
ORD-00822,U063,P072,4,3400.0,13600.0,2024-10-27T14:07:34Z,completed,convenience_store
ORD-00823,U089,P075,3,4700.0,14100.0,2024-12-29T23:50:31Z,completed,credit_card
ORD-00824,U166,P061,1,38400.0,38400.0,2024-11-25T20:43:41Z,completed,convenience_store
ORD-00825,U195,P036,4,890.0,3560.0,2024-10-13T22:57:36Z,completed,bank_transfer
ORD-00826,U164,P088,4,8410.0,33640.0,2024-10-24T05:18:01Z,completed,e_wallet
ORD-00827,U053,P041,4,4330.0,17320.0,2024-10-27T07:27:49Z,completed,credit_card
ORD-00828,U102,P007,3,16700.0,50100.0,2024-10-15T22:02:17Z,completed,debit_card
ORD-00829,U096,P041,3,4330.0,12990.0,2024-12-10T09:28:41Z,completed,e_wallet
ORD-00830,U087,P048,4,2030.0,8120.0,2024-11-01T15:46:15Z,completed,debit_card
ORD-00831,U144,P079,5,8800.0,44000.0,2025-01-16T00:22:18Z,completed,credit_card
ORD-00832,U048,P003,4,54500.0,218000.0,2024-12-10T09:41:31Z,completed,convenience_store
ORD-00833,U098,P023,3,14100.0,42300.0,2024-10-24T00:42:05Z,completed,debit_card
ORD-00834,U039,P055,1,4630.0,4630.0,2025-01-03T00:47:28Z,completed,credit_card
ORD-00835,U149,P008,4,34100.0,136400.0,2024-11-19T03:07:24Z,completed,bank_transfer
ORD-00836,U016,P078,2,2400.0,4800.0,2024-11-08T20:10:53Z,completed,bank_transfer
ORD-00837,U086,P075,3,4700.0,14100.0,2025-01-06T05:07:31Z,completed,e_wallet
ORD-00838,U148,P098,1,5970.0,5970.0,2024-11-07T04:40:34Z,refunded,debit_card
ORD-00839,U044,P028,5,14400.0,72000.0,2025-01-01T04:20:04Z,completed,e_wallet
ORD-00840,U005,P046,4,3560.0,14240.0,2025-01-08T20:35:00Z,completed,credit_card
ORD-00841,U135,P018,4,18900.0,75600.0,2024-11-25T23:26:29Z,completed,credit_card
ORD-00842,U124,P077,3,16200.0,48600.0,2024-12-26T04:59:03Z,completed,convenience_store
ORD-00843,U034,P061,3,38400.0,115200.0,2025-01-04T11:14:50Z,completed,convenience_store
ORD-00844,U053,P051,4,2780.0,11120.0,2024-10-20T18:03:34Z,completed,debit_card
ORD-00845,U151,P052,1,1840.0,1840.0,2024-12-22T11:15:54Z,completed,bank_transfer
ORD-00846,U193,P083,4,4200.0,16800.0,2025-01-26T02:57:16Z,refunded,convenience_store
ORD-00847,U047,P033,4,4580.0,18320.0,2025-01-31T00:25:16Z,refunded,credit_card
ORD-00848,U177,P004,2,7900.0,15800.0,2024-12-03T11:43:29Z,completed,e_wallet
ORD-00849,U135,P099,4,1830.0,7320.0,2024-11-09T05:04:12Z,completed,convenience_store
ORD-00850,U009,P070,5,32558.05,162790.25,2024-12-23T13:50:21Z,cancelled,credit_card
ORD-00851,U124,P005,1,3400.0,3400.0,2024-11-28T20:17:24Z,cancelled,debit_card
ORD-00852,U128,P098,1,5970.0,5970.0,2025-01-04T06:08:45Z,completed,e_wallet
ORD-00853,U133,P008,4,34100.0,136400.0,2025-01-23T18:28:11Z,refunded,e_wallet
ORD-00854,U031,P004,5,7900.0,39500.0,2024-12-11T03:35:41Z,completed,e_wallet
ORD-00855,U044,P055,3,4630.0,13890.0,2024-12-19T23:43:51Z,completed,debit_card
ORD-00856,U015,P089,1,1910.0,1910.0,2024-10-23T05:28:29Z,completed,credit_card
ORD-00857,U116,P073,5,17300.0,86500.0,2024-11-21T18:32:02Z,completed,convenience_store
ORD-00858,U108,P042,5,970.0,4850.0,2025-01-03T19:54:58Z,completed,debit_card
ORD-00859,U098,P022,5,26100.0,130500.0,2024-12-24T15:51:57Z,completed,credit_card
ORD-00860,U030,P039,5,2120.0,10600.0,2024-11-13T20:42:17Z,completed,credit_card
ORD-00861,U082,P009,5,23000.0,115000.0,2025-01-01T06:54:40Z,completed,bank_transfer
ORD-00862,U001,P039,4,2120.0,8480.0,2024-11-30T20:19:50Z,completed,convenience_store
ORD-00863,U143,P024,1,5700.0,5700.0,2025-01-09T05:46:43Z,cancelled,e_wallet
ORD-00864,U019,P060,3,40900.0,122700.0,2025-01-12T10:39:07Z,cancelled,convenience_store
ORD-00865,U067,P047,4,3880.0,15520.0,2024-10-30T05:15:12Z,completed,bank_transfer
ORD-00866,U015,P009,2,23000.0,46000.0,2024-11-21T20:00:22Z,cancelled,debit_card
ORD-00867,U046,P020,2,2300.0,4600.0,2024-11-30T07:13:26Z,completed,e_wallet
ORD-00868,U067,P021,3,29600.0,88800.0,2024-11-20T04:12:59Z,completed,bank_transfer
ORD-00869,U185,P063,1,26600.0,26600.0,2024-10-17T07:08:24Z,completed,bank_transfer
ORD-00870,U105,P086,1,9100.0,9100.0,2024-10-28T07:03:28Z,completed,e_wallet
ORD-00871,U005,P075,5,4700.0,23500.0,2024-10-18T12:35:23Z,completed,credit_card
ORD-00872,U188,P050,2,4870.0,9740.0,2024-11-12T07:59:33Z,completed,debit_card
ORD-00873,U009,P076,1,11700.0,11700.0,2024-12-12T18:15:06Z,completed,credit_card
ORD-00874,U086,P019,3,17700.0,53100.0,2024-12-11T09:47:21Z,cancelled,credit_card
ORD-00875,U188,P085,1,9500.0,9500.0,2024-11-16T12:58:13Z,completed,convenience_store
ORD-00876,U002,,1,8410.0,8410.0,2024-11-15T21:37:10Z,cancelled,convenience_store
ORD-00877,U016,P033,3,4580.0,13740.0,2024-11-15T17:19:30Z,completed,debit_card
ORD-00878,U197,P083,4,4200.0,16800.0,2024-11-23T05:06:09Z,cancelled,convenience_store
ORD-00879,U184,P055,1,4630.0,4630.0,2024-11-20T16:12:31Z,completed,bank_transfer
ORD-00880,U096,,1,47400.0,47400.0,2024-11-05T16:17:19Z,completed,debit_card
ORD-00881,U147,P011,1,27900.0,27900.0,2025-01-09T06:26:22Z,completed,debit_card
ORD-00882,U095,P058,4,1580.0,6320.0,2024-10-26T22:12:02Z,completed,e_wallet
ORD-00883,U114,P048,2,2030.0,4060.0,2024-12-13T06:26:19Z,refunded,e_wallet
ORD-00884,U168,P079,2,8800.0,17600.0,2024-12-29T19:03:22Z,completed,debit_card
ORD-00885,U055,P012,3,76600.0,229800.0,2025-01-19T03:32:36Z,completed,e_wallet
ORD-00886,U177,P064,1,48200.0,48200.0,2024-11-09T10:43:33Z,completed,bank_transfer
ORD-00887,U008,P027,5,16500.0,82500.0,2024-11-24T22:43:22Z,completed,debit_card
ORD-00888,U088,P034,2,1220.0,2440.0,2024-11-18T05:14:44Z,completed,convenience_store
ORD-00889,U180,P051,2,2780.0,5560.0,2024-12-22T04:40:43Z,completed,bank_transfer
ORD-00890,U018,P031,4,1300.0,5200.0,2025-01-26T17:54:35Z,refunded,e_wallet
ORD-00891,U133,P080,4,13600.0,54400.0,2024-12-16T15:25:13Z,completed,debit_card
ORD-00892,U081,P022,5,26100.0,130500.0,2024-12-05T20:40:41Z,cancelled,debit_card
ORD-00893,U081,P015,3,64800.0,194400.0,2024-10-25T19:55:27Z,completed,bank_transfer
ORD-00894,U011,P034,5,1220.0,6100.0,2024-11-21T05:12:03Z,completed,convenience_store
ORD-00895,U195,P020,5,2300.0,11500.0,2024-12-25T10:30:00Z,completed,debit_card
ORD-00896,U058,P091,4,1900.0,7600.0,2025-01-05T02:27:05Z,completed,bank_transfer
ORD-00897,U046,P093,2,3070.0,6140.0,2024-10-19T04:06:16Z,completed,bank_transfer
ORD-00898,U082,P073,5,17300.0,86500.0,2024-10-01T19:13:38Z,completed,e_wallet
ORD-00899,U132,P087,1,1250.0,1250.0,2024-10-06T00:59:32Z,completed,credit_card
ORD-00900,U006,P042,2,970.0,1940.0,2024-12-29T08:50:31Z,cancelled,convenience_store
ORD-00901,U021,P043,1,3060.0,3060.0,2024-12-27T23:36:30Z,completed,e_wallet
ORD-00902,U087,P042,1,970.0,970.0,2025-01-15T05:55:58Z,refunded,convenience_store
ORD-00903,U197,P052,1,1840.0,1840.0,2024-11-10T10:23:17Z,completed,convenience_store
ORD-00904,U047,P039,4,2120.0,8480.0,2024-11-30T05:10:36Z,cancelled,e_wallet
ORD-00905,U134,P026,4,3100.0,12400.0,2024-12-15T08:37:41Z,completed,e_wallet
ORD-00906,U106,P079,2,8800.0,17600.0,2024-12-22T17:23:00Z,completed,e_wallet
ORD-00907,U179,P092,2,2870.0,5740.0,2025-01-11T09:17:48Z,completed,e_wallet
ORD-00908,U001,P062,3,47400.0,142200.0,2024-10-25T19:32:36Z,completed,bank_transfer
ORD-00909,U030,P071,1,900.0,900.0,2025-01-08T16:41:06Z,completed,convenience_store
ORD-00910,U003,P033,3,4580.0,13740.0,2024-10-16T21:04:25Z,completed,credit_card
ORD-00911,U065,P051,1,2780.0,2780.0,2024-11-27T19:08:16Z,completed,convenience_store
ORD-00912,U098,P024,2,5700.0,11400.0,2025-01-26T07:05:25Z,completed,credit_card
ORD-00913,U023,P022,4,26100.0,104400.0,2024-12-18T15:51:49Z,cancelled,e_wallet
ORD-00914,U153,P047,4,3880.0,15520.0,2024-10-18T00:24:33Z,completed,credit_card
ORD-00915,U066,P004,2,7900.0,15800.0,2024-10-29T04:28:03Z,completed,convenience_store
ORD-00916,U040,P039,4,2120.0,8480.0,2024-12-21T22:05:58Z,completed,debit_card
ORD-00917,U128,P061,1,38400.0,38400.0,2025-01-22T15:21:07Z,completed,bank_transfer
ORD-00918,U023,P014,4,68000.0,272000.0,2025-01-05T06:08:39Z,completed,e_wallet
ORD-00919,U112,P063,5,26600.0,133000.0,2025-01-27T17:46:28Z,refunded,convenience_store
ORD-00920,U147,P041,5,4330.0,21650.0,2024-12-21T00:00:05Z,cancelled,credit_card
ORD-00921,U181,P056,1,2700.0,2700.0,2024-11-07T07:43:22Z,completed,convenience_store
ORD-00922,U098,P078,4,2400.0,9600.0,2024-11-26T23:18:55Z,completed,convenience_store
ORD-00923,U188,P047,4,3880.0,15520.0,2024-11-01T11:05:41Z,completed,bank_transfer
ORD-00924,U063,P026,2,3100.0,6200.0,2024-10-20T14:14:43Z,completed,convenience_store
ORD-00925,U024,P046,3,3560.0,10680.0,2024-10-31T19:09:18Z,completed,e_wallet
ORD-00926,U160,P030,1,25400.0,25400.0,2025-01-03T10:37:35Z,completed,bank_transfer
ORD-00927,U144,P035,2,4450.0,8900.0,2025-01-09T01:52:46Z,completed,credit_card
ORD-00928,U124,P097,1,7560.0,7560.0,2025-01-27T13:28:27Z,completed,credit_card
ORD-00929,U164,P016,2,16600.0,33200.0,2024-10-31T11:49:28Z,completed,convenience_store
ORD-00930,U055,P083,3,4200.0,12600.0,2024-10-27T18:03:58Z,completed,debit_card
ORD-00931,U074,P061,3,38400.0,115200.0,2024-11-03T06:08:16Z,completed,bank_transfer
ORD-00932,U074,P020,5,2300.0,11500.0,2024-11-14T07:24:18Z,completed,convenience_store
ORD-00933,U008,P067,3,19000.0,57000.0,2024-12-25T22:33:58Z,completed,credit_card
ORD-00934,U098,P041,4,4330.0,17320.0,2024-11-01T21:48:30Z,completed,convenience_store
ORD-00935,U014,P074,1,5100.0,5100.0,2025-01-09T22:20:33Z,refunded,convenience_store
ORD-00936,U089,P093,3,3070.0,9210.0,2024-10-02T12:49:37Z,cancelled,e_wallet
ORD-00937,U168,P027,5,16500.0,82500.0,2025-01-29T00:57:44Z,completed,bank_transfer
ORD-00938,U067,P039,1,2120.0,2120.0,2024-12-04T22:51:00Z,completed,debit_card
ORD-00939,U134,P071,3,900.0,2700.0,2024-11-01T01:46:53Z,completed,e_wallet
ORD-00940,U185,P055,5,4630.0,23150.0,2024-10-12T15:22:02Z,cancelled,bank_transfer
ORD-00941,U170,P016,4,16600.0,66400.0,2024-10-02T00:17:46Z,completed,debit_card
ORD-00942,U013,P081,5,1700.0,8500.0,2024-11-15T09:45:48Z,completed,bank_transfer
ORD-00943,U050,P092,4,2870.0,11480.0,2024-11-18T02:03:17Z,completed,e_wallet
ORD-00944,U044,P019,4,17700.0,70800.0,2024-10-16T21:54:05Z,completed,convenience_store
ORD-00945,U106,P087,5,1250.0,6250.0,2025-01-17T12:58:54Z,completed,convenience_store
ORD-00946,U121,P089,4,1910.0,7640.0,2024-12-20T22:59:56Z,cancelled,debit_card
ORD-00947,U182,P066,5,35800.0,179000.0,2024-11-11T06:59:09Z,completed,credit_card
ORD-00948,U020,P016,5,16600.0,83000.0,2024-10-22T10:12:13Z,completed,e_wallet
ORD-00949,U092,P048,3,2030.0,6090.0,2024-10-06T10:23:09Z,completed,debit_card
ORD-00950,U092,P037,2,3780.0,7560.0,2025-01-03T21:56:36Z,completed,e_wallet
ORD-00951,U147,P040,5,2650.0,13250.0,2024-12-05T14:22:13Z,completed,convenience_store
ORD-00952,U050,P065,4,37900.0,151600.0,2024-12-27T04:50:23Z,completed,bank_transfer
ORD-00953,U108,P030,4,25400.0,101600.0,2024-10-09T21:32:07Z,refunded,convenience_store
ORD-00954,U182,P004,5,7900.0,39500.0,2024-11-29T23:20:10Z,completed,credit_card
ORD-00955,U140,P074,1,5100.0,5100.0,2025-01-10T07:32:56Z,completed,convenience_store
ORD-00956,U139,P024,1,5700.0,5700.0,2024-11-09T23:07:14Z,completed,e_wallet
ORD-00957,U112,P076,1,11700.0,11700.0,2024-10-05T12:24:52Z,completed,debit_card
ORD-00958,U075,P012,1,76600.0,76600.0,2025-01-14T04:52:27Z,completed,debit_card
ORD-00959,U020,P053,2,3240.0,6480.0,2024-12-03T03:57:52Z,completed,credit_card
ORD-00960,U013,P042,3,970.0,2910.0,2024-10-24T11:44:37Z,completed,debit_card
ORD-00961,U193,P065,4,37900.0,151600.0,2024-11-22T06:58:15Z,completed,convenience_store
ORD-00962,U166,P030,1,25400.0,25400.0,2025-01-22T19:45:45Z,completed,debit_card
ORD-00963,U146,P053,4,3240.0,12960.0,2025-01-06T04:11:02Z,completed,debit_card
ORD-00964,U139,P055,5,4630.0,23150.0,invalid-date,cancelled,e_wallet
ORD-00965,U018,P062,3,47400.0,142200.0,2024-12-13T19:38:37Z,refunded,debit_card
ORD-00966,U188,P069,5,3700.0,18500.0,2024-10-18T10:06:09Z,completed,credit_card
ORD-00967,U011,P056,2,2700.0,5400.0,2024-12-01T19:24:13Z,cancelled,bank_transfer
ORD-00968,U082,P032,3,2130.0,6390.0,2024-12-29T06:49:12Z,refunded,bank_transfer
ORD-00969,U021,P078,4,2547.22,10188.88,2024-11-03T16:44:11Z,completed,convenience_store
ORD-00970,U170,P084,1,3200.0,3200.0,2024-12-26T10:40:26Z,completed,bank_transfer
ORD-00971,U108,,1,14100.0,14100.0,2024-12-11T22:33:53Z,refunded,convenience_store
ORD-00972,U179,P091,3,1900.0,5700.0,2025-01-28T02:51:00Z,completed,debit_card
ORD-00973,U086,P064,5,48200.0,241000.0,2024-11-08T01:49:50Z,refunded,convenience_store
ORD-00974,U062,P071,2,900.0,1800.0,2025-01-18T20:23:09Z,completed,e_wallet
ORD-00975,U034,P017,3,3300.0,9900.0,2024-11-14T06:23:40Z,cancelled,bank_transfer
ORD-00976,U180,P087,5,1250.0,6250.0,2025-01-17T18:19:46Z,cancelled,credit_card
ORD-00977,U030,P042,4,970.0,3880.0,2024-12-19T00:10:44Z,completed,e_wallet
ORD-00978,U012,,2,3070.0,6140.0,2024-12-21T13:37:52Z,completed,bank_transfer
ORD-00979,U147,P004,2,7900.0,15800.0,2024-12-22T07:08:43Z,refunded,debit_card
ORD-00980,U164,P013,1,8300.0,8300.0,2024-10-05T15:57:27Z,completed,bank_transfer
ORD-00981,U098,P007,3,16700.0,50100.0,2024-11-15T23:18:19Z,refunded,e_wallet
ORD-00982,U148,P016,1,16600.0,16600.0,2024-10-07T11:23:34Z,completed,credit_card
ORD-00983,U031,P039,5,2120.0,10600.0,2024-10-13T18:36:17Z,completed,credit_card
ORD-00984,U044,,4,13600.0,54400.0,2025-01-25T10:13:33Z,completed,e_wallet
ORD-00985,U011,P080,5,13600.0,68000.0,2024-10-06T01:02:19Z,completed,bank_transfer
ORD-00986,U184,P009,5,23000.0,115000.0,2024-11-07T14:18:32Z,cancelled,debit_card
ORD-00987,U185,P080,4,13600.0,54400.0,2024-10-27T17:36:04Z,completed,credit_card
ORD-00988,U170,P097,3,7560.0,22680.0,2025-01-14T01:54:44Z,completed,debit_card
ORD-00989,U023,P067,5,19000.0,95000.0,2024-10-29T01:53:11Z,completed,e_wallet
ORD-00990,U100,P026,2,3100.0,6200.0,2024-11-09T01:56:43Z,completed,bank_transfer
ORD-00991,U125,P077,3,16200.0,48600.0,2025-01-18T22:12:10Z,refunded,e_wallet
ORD-00992,U011,P006,4,40900.0,163600.0,2024-10-01T17:13:46Z,completed,debit_card
ORD-00993,U197,P043,4,3060.0,12240.0,2024-11-05T18:38:29Z,cancelled,credit_card
ORD-00994,U046,P019,3,17700.0,53100.0,2025-01-31T14:13:56Z,completed,bank_transfer
ORD-00995,U063,P029,3,21000.0,63000.0,2024-12-05T23:39:51Z,cancelled,debit_card
ORD-00996,U015,P013,1,8300.0,8300.0,2024-10-27T15:36:04Z,completed,credit_card
ORD-00997,U106,P048,2,2030.0,4060.0,2025-01-30T00:20:24Z,cancelled,credit_card
ORD-00998,U066,P025,5,20400.0,102000.0,2024-12-12T16:09:22Z,completed,convenience_store
ORD-00999,U153,P076,2,11700.0,23400.0,2024-11-27T02:59:27Z,completed,bank_transfer
ORD-01000,U048,P066,5,35800.0,179000.0,2024-11-10T15:07:03Z,completed,convenience_store
ORD-01001,U133,P067,9,19000.0,171000.0,2025-01-17T07:44:11Z,completed,bank_transfer
ORD-01002,U133,P052,92,1840.0,169280.0,2025-01-16T13:47:04Z,completed,bank_transfer
ORD-01003,U183,P045,75,1630.0,122250.0,2025-01-30T04:35:37Z,completed,e_wallet
ORD-01004,U183,P057,26,4450.0,115700.0,2025-01-04T19:44:55Z,completed,convenience_store
ORD-01005,U093,P079,15,8800.0,132000.0,2025-01-09T01:29:34Z,completed,bank_transfer
ORD-01006,U093,P011,5,27900.0,139500.0,2025-01-05T22:15:34Z,completed,convenience_store
ORD-01007,U134,P086,48,9100.0,436800.0,2025-01-23T15:25:24Z,completed,convenience_store
ORD-01008,U134,P029,18,21000.0,378000.0,2025-01-06T01:53:25Z,completed,e_wallet
ORD-01009,U085,P070,1,27900.0,27900.0,2025-01-21T10:43:23Z,completed,debit_card
ORD-01010,U085,P047,7,3880.0,27160.0,2025-01-11T11:54:00Z,completed,e_wallet
ORD-01011,U137,P040,40,2650.0,106000.0,2025-01-03T22:25:57Z,completed,e_wallet
ORD-01012,U137,P055,22,4630.0,101860.0,2025-01-01T10:02:23Z,completed,credit_card
ORD-01013,U037,P055,6,4630.0,27780.0,2025-01-29T23:32:49Z,completed,e_wallet
ORD-01014,U037,P033,5,4580.0,22900.0,2025-01-21T18:40:19Z,completed,convenience_store
ORD-01015,U090,P055,47,4630.0,217610.0,2025-01-18T02:00:59Z,completed,debit_card
ORD-01016,U090,P055,40,4630.0,185200.0,2025-01-25T07:18:17Z,completed,credit_card
ORD-01017,U033,P049,184,1210.0,222640.0,2025-01-31T22:53:51Z,completed,credit_card
ORD-01018,U033,P079,28,8800.0,246400.0,2025-01-11T19:21:31Z,completed,convenience_store
ORD-01019,U128,P038,28,3790.0,106120.0,2025-01-06T08:00:18Z,completed,e_wallet
ORD-01020,U128,P020,48,2300.0,110400.0,2025-01-02T04:42:35Z,completed,credit_card
ORD-01021,U182,P024,45,5700.0,256500.0,2025-01-03T09:42:56Z,completed,e_wallet
ORD-01022,U182,P027,14,16500.0,231000.0,2025-01-11T20:06:51Z,completed,bank_transfer
ORD-01023,U030,P019,1,17700.0,17700.0,2025-01-16T06:29:09Z,completed,credit_card
ORD-01024,U005,P079,6,8800.0,52800.0,2025-01-01T18:34:32Z,completed,bank_transfer
ORD-01025,U005,P032,25,2130.0,53250.0,2025-01-18T02:15:48Z,completed,credit_card
ORD-01026,U130,P024,60,5700.0,342000.0,2025-01-29T01:46:58Z,completed,debit_card
ORD-01027,U130,P010,5,60900.0,304500.0,2025-01-08T11:12:06Z,completed,credit_card
ORD-01028,U190,P013,29,8300.0,240700.0,2025-01-02T06:09:31Z,completed,convenience_store
ORD-01029,U190,P035,57,4450.0,253650.0,2025-01-20T19:43:49Z,completed,debit_card
ORD-01030,U040,P022,3,26100.0,78300.0,2025-01-10T06:44:36Z,completed,e_wallet
ORD-01031,U040,P057,19,4450.0,84550.0,2025-01-20T13:39:34Z,completed,debit_card
ORD-01032,U044,P013,14,8300.0,116200.0,2025-01-06T09:37:45Z,completed,debit_card
ORD-01033,U044,P034,98,1220.0,119560.0,2025-01-25T06:41:52Z,completed,convenience_store
ORD-01034,U138,P050,4,4870.0,19480.0,2025-01-30T15:49:57Z,completed,convenience_store
ORD-01035,U046,P097,32,7560.0,241920.0,2025-01-13T06:22:44Z,completed,debit_card
ORD-01036,U046,P084,73,3200.0,233600.0,2025-01-25T04:03:46Z,completed,credit_card
ORD-01037,U001,P060,4,40900.0,163600.0,2025-01-28T02:20:32Z,completed,convenience_store
ORD-01038,U001,P017,52,3300.0,171600.0,2025-01-07T22:18:05Z,completed,bank_transfer
ORD-01039,U135,P088,12,8410.0,100920.0,2025-01-11T16:24:44Z,completed,debit_card
ORD-01040,U175,P087,133,1250.0,166250.0,2025-01-12T13:38:20Z,completed,debit_card
ORD-01041,U175,P088,22,8410.0,185020.0,2025-01-15T13:25:53Z,completed,credit_card
ORD-01042,U004,P058,41,1580.0,64780.0,2025-01-05T00:48:10Z,completed,convenience_store
ORD-01043,U004,P018,3,18900.0,56700.0,2025-01-16T11:38:30Z,completed,credit_card
ORD-01044,U064,P017,25,3300.0,82500.0,2025-01-06T05:36:00Z,completed,debit_card
ORD-01045,U064,P079,8,8800.0,70400.0,2025-01-01T06:19:28Z,completed,bank_transfer
ORD-01046,U082,P097,23,7560.0,173880.0,2025-01-29T01:59:53Z,completed,convenience_store
ORD-01047,U082,P051,54,2780.0,150120.0,2025-01-08T01:01:17Z,completed,e_wallet
ORD-01048,U042,P034,184,1220.0,224480.0,2025-01-26T16:20:13Z,completed,credit_card
ORD-01049,U042,P087,168,1250.0,210000.0,2025-01-25T16:53:12Z,completed,convenience_store
ORD-01050,U022,P059,2,47400.0,94800.0,2025-01-10T17:20:49Z,completed,bank_transfer
ORD-01051,U160,P035,39,4450.0,173550.0,2025-01-10T22:01:08Z,completed,convenience_store
ORD-01052,U160,P065,4,37900.0,151600.0,2025-01-01T10:35:38Z,completed,debit_card
ORD-01053,U196,P084,65,3200.0,208000.0,2025-01-06T21:06:33Z,completed,e_wallet
ORD-01054,U196,P097,29,7560.0,219240.0,2025-01-22T16:31:23Z,completed,credit_card
ORD-01055,U016,P085,8,9500.0,76000.0,2025-01-13T03:55:54Z,completed,bank_transfer
ORD-01056,U016,P057,16,4450.0,71200.0,2025-01-22T17:44:50Z,completed,credit_card
ORD-01057,U155,P048,156,2030.0,316680.0,2025-01-25T04:05:48Z,completed,bank_transfer
ORD-01058,U155,P023,26,14100.0,366600.0,2025-01-05T07:44:58Z,completed,bank_transfer
ORD-01059,U152,P039,54,2120.0,114480.0,2025-01-22T19:31:28Z,completed,credit_card
ORD-01060,U152,P003,2,54500.0,109000.0,2025-01-14T12:52:12Z,completed,e_wallet
ORD-01061,U048,P096,48,5920.0,284160.0,2025-01-19T07:58:07Z,completed,credit_card
ORD-01062,U048,P068,13,22800.0,296400.0,2025-01-07T04:52:04Z,completed,e_wallet
ORD-01063,U109,P023,8,14100.0,112800.0,2025-01-14T04:36:13Z,completed,e_wallet
ORD-01064,U117,P011,7,27900.0,195300.0,2025-01-26T13:38:21Z,completed,convenience_store
ORD-01065,U172,P036,2,890.0,1780.0,2025-01-23T15:19:58Z,completed,credit_card
ORD-01066,U172,P068,1,22800.0,22800.0,2025-01-23T15:28:58Z,completed,credit_card
ORD-01067,U172,P032,2,2130.0,4260.0,2025-01-23T15:31:58Z,completed,debit_card
ORD-01068,U172,P092,2,2870.0,5740.0,2025-01-23T15:37:58Z,completed,bank_transfer
ORD-01069,U056,P076,2,11700.0,23400.0,2025-01-18T05:12:39Z,completed,debit_card
ORD-01070,U056,P057,2,4450.0,8900.0,2025-01-18T05:18:39Z,completed,bank_transfer
ORD-01071,U056,P075,2,4700.0,9400.0,2025-01-18T05:22:39Z,completed,debit_card
ORD-01072,U191,P058,1,1580.0,1580.0,2025-01-23T04:27:14Z,completed,credit_card
ORD-01073,U191,P002,2,20300.0,40600.0,2025-01-23T04:35:14Z,completed,bank_transfer
ORD-01074,U191,P071,1,900.0,900.0,2025-01-23T04:43:14Z,completed,debit_card
ORD-01075,U032,P034,2,1220.0,2440.0,2025-01-18T08:07:51Z,completed,convenience_store
ORD-01076,U032,P015,1,64800.0,64800.0,2025-01-18T08:14:51Z,completed,convenience_store
ORD-01077,U032,P062,2,47400.0,94800.0,2025-01-18T08:21:51Z,completed,convenience_store
ORD-01078,U032,P059,1,47400.0,47400.0,2025-01-18T08:28:51Z,completed,credit_card
ORD-01079,U097,P088,2,8410.0,16820.0,2025-01-14T01:19:32Z,completed,e_wallet
ORD-01080,U097,P033,1,4580.0,4580.0,2025-01-14T01:26:32Z,completed,e_wallet
ORD-01081,U097,P014,1,68000.0,68000.0,2025-01-14T01:33:32Z,completed,convenience_store
ORD-01082,U097,P030,2,25400.0,50800.0,2025-01-14T01:40:32Z,completed,convenience_store
ORD-01083,U097,P064,1,48200.0,48200.0,2025-01-14T01:55:32Z,completed,credit_card
ORD-01084,U092,P040,2,2650.0,5300.0,2025-01-16T07:51:15Z,completed,bank_transfer
ORD-01085,U092,P091,2,1900.0,3800.0,2025-01-16T07:58:15Z,completed,e_wallet
ORD-01086,U092,P062,1,47400.0,47400.0,2025-01-16T08:09:15Z,completed,convenience_store
ORD-01087,U169,P051,1,2780.0,2780.0,2025-01-12T10:22:05Z,completed,e_wallet
ORD-01088,U169,P005,2,3400.0,6800.0,2025-01-12T10:28:05Z,completed,bank_transfer
ORD-01089,U169,P030,1,25400.0,25400.0,2025-01-12T10:38:05Z,completed,credit_card
ORD-01090,U094,P021,2,29600.0,59200.0,2025-01-16T00:52:44Z,completed,bank_transfer
ORD-01091,U094,P068,2,22800.0,45600.0,2025-01-16T01:01:44Z,completed,credit_card
ORD-01092,U094,P036,2,890.0,1780.0,2025-01-16T01:04:44Z,completed,e_wallet
ORD-01093,U114,P008,3,35188.93,105566.79,2025-01-27T10:31:51Z,completed,bank_transfer
ORD-01094,U100,P035,2,4637.12,9274.24,2024-10-23T19:26:01Z,completed,credit_card
ORD-01095,U105,P024,3,5909.35,17728.05,2024-12-20T08:59:19Z,completed,debit_card
ORD-01096,U098,P098,1,6160.48,6160.48,2024-12-20T04:03:29Z,completed,debit_card
ORD-01097,U188,P027,3,17282.27,51846.81,2024-11-19T14:16:04Z,completed,credit_card
ORD-01098,U126,P091,3,1959.13,5877.39,2024-10-30T23:37:33Z,completed,e_wallet
ORD-01099,U017,P010,3,63296.18,189888.54,2024-10-09T06:45:25Z,completed,e_wallet
ORD-01100,U113,P007,3,17464.69,52394.07,2024-12-18T03:18:26Z,completed,credit_card
ORD-01101,U010,P083,1,4403.15,4403.15,2025-01-13T17:41:59Z,completed,bank_transfer
ORD-01102,U082,P016,2,17283.33,34566.66,2024-11-24T16:31:07Z,completed,convenience_store
ORD-01103,U097,P063,3,27596.09,82788.27,2024-10-07T11:19:20Z,completed,convenience_store
ORD-01104,U105,P080,3,14220.28,42660.84,2024-10-01T04:50:53Z,completed,e_wallet
ORD-01105,U044,P014,1,70054.8,70054.8,2024-11-22T14:34:26Z,completed,credit_card
ORD-01106,U075,P029,1,21795.93,21795.93,2024-11-03T12:05:30Z,completed,debit_card
ORD-01107,U018,P094,3,6934.84,20804.52,2024-12-15T01:56:31Z,completed,bank_transfer
ORD-01108,U116,P001,3,53730.41,161191.23,2024-12-12T09:27:38Z,completed,credit_card
ORD-01109,U010,P038,1,3913.28,3913.28,2025-01-15T08:25:00Z,completed,bank_transfer
ORD-01110,U171,P062,3,49120.11,147360.33,2024-11-12T20:53:01Z,completed,debit_card
ORD-01111,U029,P038,3,3948.21,11844.63,2024-10-20T09:22:58Z,completed,credit_card
ORD-01112,U024,P019,2,18317.59,36635.18,2024-12-25T03:02:39Z,completed,convenience_store
ORD-01113,U170,P038,3,3907.43,11722.29,2025-01-04T14:01:31Z,completed,credit_card
ORD-01114,U200,P094,1,6960.62,6960.62,2024-12-31T09:50:37Z,completed,bank_transfer
ORD-01115,U184,P015,2,67694.11,135388.22,2024-12-06T14:56:01Z,completed,e_wallet
ORD-01116,U200,P060,3,42140.84,126422.52,2024-12-29T03:15:49Z,completed,bank_transfer
ORD-01117,U173,P067,2,19741.98,39483.96,2024-12-11T14:15:16Z,completed,credit_card
ORD-01118,U197,P061,3,39592.64,118777.92,2024-10-05T00:13:58Z,completed,debit_card
ORD-01119,U003,P075,3,4847.09,14541.27,2025-01-19T17:18:37Z,completed,bank_transfer
ORD-01120,U029,P014,1,70250.58,70250.58,2024-11-05T10:03:20Z,completed,convenience_store
ORD-01121,U096,P012,1,79388.13,79388.13,2024-11-10T05:06:38Z,completed,bank_transfer
ORD-01122,U102,P053,2,3385.56,6771.12,2025-01-24T19:52:22Z,completed,credit_card
ORD-01123,U016,P037,1,3895.65,3895.65,2024-11-30T20:09:32Z,completed,bank_transfer
ORD-01124,U171,P022,3,27242.28,81726.84,2024-11-21T10:07:13Z,completed,bank_transfer
ORD-01125,U189,P008,2,35382.65,70765.3,2025-01-25T08:30:18Z,completed,bank_transfer
ORD-01126,U016,P089,1,1993.8,1993.8,2024-12-06T03:40:00Z,completed,e_wallet
ORD-01127,U168,P037,3,3951.49,11854.47,2024-12-28T09:02:28Z,completed,e_wallet
ORD-01128,U034,P035,3,4613.78,13841.34,2024-12-17T06:04:55Z,completed,e_wallet
ORD-01129,U189,P055,2,4852.71,9705.42,2024-12-08T16:05:55Z,completed,e_wallet
ORD-01130,U082,P081,1,1777.72,1777.72,2025-01-29T01:02:19Z,completed,credit_card
ORD-01131,U148,P030,3,26473.03,79419.09,2025-01-09T16:08:44Z,completed,credit_card
ORD-01132,U110,P013,1,8629.78,8629.78,2024-10-03T08:01:48Z,completed,convenience_store
ORD-01133,U021,P020,1,2402.56,2402.56,2025-01-14T19:45:56Z,completed,credit_card
ORD-01134,U068,P040,2,2753.92,5507.84,2024-12-14T07:04:42Z,completed,debit_card
ORD-01135,U024,P053,2,3388.04,6776.08,2024-12-31T20:56:43Z,completed,bank_transfer
ORD-01136,U087,P066,2,37207.79,74415.58,2025-01-14T12:55:09Z,completed,debit_card
ORD-01137,U021,P032,3,2208.88,6626.64,2024-12-19T06:54:56Z,completed,convenience_store
ORD-01138,U073,P080,1,14130.67,14130.67,2025-01-01T14:33:04Z,completed,e_wallet
ORD-01139,U074,P071,3,928.05,2784.15,2024-10-29T22:36:38Z,completed,bank_transfer
ORD-01140,U068,P010,3,62956.85,188870.55,2025-01-06T10:38:32Z,completed,credit_card
ORD-01141,U008,P042,3,1013.57,3040.71,2024-11-25T15:42:39Z,completed,bank_transfer
ORD-01142,U148,P075,1,4860.86,4860.86,2024-10-16T23:58:47Z,completed,debit_card
ORD-01143,U151,P024,1,5953.47,5953.47,2025-01-04T05:10:18Z,completed,credit_card
ORD-01144,U011,P047,1,4067.5,4067.5,2024-12-04T21:25:31Z,completed,credit_card
ORD-01145,U189,P006,1,42776.1,42776.1,2024-12-01T01:37:33Z,completed,credit_card
ORD-01146,U038,P095,1,2229.21,2229.21,2024-11-30T15:54:38Z,completed,e_wallet
ORD-01147,U025,P010,1,63184.72,63184.72,2024-10-25T03:57:37Z,completed,e_wallet
ORD-01148,U153,P003,3,56564.72,169694.16,2024-11-02T22:33:46Z,completed,e_wallet
ORD-01149,U110,P076,2,12113.07,24226.14,2025-01-26T14:38:51Z,completed,debit_card
ORD-01150,U106,P035,1,4608.09,4608.09,2024-12-04T09:32:01Z,completed,bank_transfer
ORD-01151,U055,P057,1,4637.2,4637.2,2024-12-08T21:37:15Z,completed,convenience_store
ORD-01152,U200,P038,1,3948.21,3948.21,2024-12-18T09:55:51Z,completed,convenience_store
ORD-01153,U195,P013,3,8632.92,25898.76,2025-01-24T16:19:13Z,completed,convenience_store
ORD-01154,U034,P078,2,2506.95,5013.9,2025-01-06T11:21:41Z,completed,convenience_store
ORD-01155,U170,P091,3,1976.05,5928.15,2024-12-31T02:18:59Z,completed,convenience_store
ORD-01156,U048,P081,3,1757.24,5271.72,2024-10-12T08:34:56Z,completed,e_wallet
ORD-01157,U065,P079,3,9148.49,27445.47,2024-10-27T01:32:18Z,completed,credit_card
ORD-01158,U023,P021,1,30819.03,30819.03,2024-11-01T16:19:11Z,completed,bank_transfer
ORD-01159,U126,P033,3,4737.9,14213.7,2024-10-24T02:14:18Z,completed,debit_card
ORD-01160,U144,P010,2,63269.95,126539.9,2024-10-06T21:44:17Z,completed,e_wallet
ORD-01161,U092,P042,1,1006.66,1006.66,2024-11-14T04:37:28Z,completed,credit_card
ORD-01162,U055,P032,3,2207.33,6621.99,2024-11-01T00:26:11Z,completed,bank_transfer
ORD-01163,U066,P030,1,26515.15,26515.15,2025-01-24T00:38:43Z,completed,credit_card
ORD-01164,U148,P032,2,2220.16,4440.32,2024-12-11T14:01:26Z,completed,debit_card
ORD-01165,U177,P043,1,3153.69,3153.69,2024-11-24T18:37:28Z,completed,bank_transfer
ORD-01166,U126,P040,3,2771.43,8314.29,2024-11-17T22:48:20Z,completed,e_wallet
ORD-01167,U098,P050,3,5086.12,15258.36,2025-01-27T16:44:06Z,completed,credit_card
ORD-01168,U070,P077,3,16787.1,50361.3,2024-12-26T12:54:59Z,completed,bank_transfer
ORD-01169,U132,P072,2,3546.48,7092.96,2025-01-27T23:15:24Z,completed,credit_card
ORD-01170,U108,P068,1,23529.18,23529.18,2024-12-07T14:36:03Z,completed,e_wallet
ORD-01171,U105,P072,1,3546.5,3546.5,2024-11-19T02:33:19Z,completed,e_wallet
ORD-01172,U121,P067,2,19877.08,39754.16,2024-10-24T08:08:25Z,completed,e_wallet
ORD-01173,U058,P038,2,3913.39,7826.78,2024-10-29T19:52:38Z,completed,debit_card
ORD-01174,U065,P069,1,3860.38,3860.38,2024-11-22T06:32:01Z,completed,convenience_store
ORD-01175,U182,P005,3,3518.33,10554.99,2024-11-19T08:17:56Z,completed,bank_transfer
ORD-01176,U096,P081,2,1775.48,3550.96,2025-01-17T09:00:00Z,completed,credit_card
ORD-01177,U133,P011,3,28945.63,86836.89,2024-11-17T06:31:59Z,completed,convenience_store
